"","date_lab_plate","Title","Date","Lab","Plate","average","std_dev","threshold"
"1","2023-01-11_Demengeot_plate_1","2023-01-11 plate_1",2023-01-11,"Demengeot","plate_1",2.2415,0.0998241310648741,2.44114826212975
"2","2023-01-11_Demengeot_plate_2","2023-01-11 plate_2",2023-01-11,"Demengeot","plate_2",2.5395,0.094701033332724,2.72890206666545
"3","2023-01-11_Demengeot_plate_3","2023-01-11 plate_3",2023-01-11,"Demengeot","plate_3",2.251125,0.122244996976213,2.49561499395243
"4","2023-01-11_Demengeot_plate_4","2023-01-11 plate_4",2023-01-11,"Demengeot","plate_4",2.2775,0.0527419594413621,2.38298391888272
"5","2023-01-11_Demengeot_plate_5","2023-01-11 plate_5",2023-01-11,"Demengeot","plate_5",1.349875,0.109619390229492,1.56911378045898
"6","2023-01-17_Demengeot_plate_1","2023-01-17 plate_1",2023-01-17,"Demengeot","plate_1",2.174375,0.0747470735213093,2.32386914704262
"7","2023-01-17_Demengeot_plate_2","2023-01-17 plate_2",2023-01-17,"Demengeot","plate_2",1.808875,0.095349638549019,1.99957427709804
"8","2023-01-17_Demengeot_plate_3","2023-01-17 plate_3",2023-01-17,"Demengeot","plate_3",2.51525,0.138587517475421,2.79242503495084
"9","2023-01-17_Demengeot_plate_4","2023-01-17 plate_4",2023-01-17,"Demengeot","plate_4",1.75275,0.0745879155283022,1.9019258310566
"10","2023-01-17_Demengeot_plate_5","2023-01-17 plate_5",2023-01-17,"Demengeot","plate_5",2.316,0.121426050393998,2.558852100788
"11","2023-01-17_Demengeot_plate_6","2023-01-17 plate_6",2023-01-17,"Demengeot","plate_6",2.3725,0.0650142841447719,2.50252856828954
"12","2023-01-24_Demengeot_plate_1","2023-01-24 plate_1",2023-01-24,"Demengeot","plate_1",1.84025,0.0658173880629471,1.97188477612589
"13","2023-01-24_Demengeot_plate_2","2023-01-24 plate_2",2023-01-24,"Demengeot","plate_2",1.537875,0.0668931717634276,1.67166134352686
"14","2023-01-24_Demengeot_plate_3","2023-01-24 plate_3",2023-01-24,"Demengeot","plate_3",1.9865,0.11008308550493,2.20666617100986
"15","2023-01-24_Demengeot_plate_4","2023-01-24 plate_4",2023-01-24,"Demengeot","plate_4",1.637125,0.0966916121343669,1.83050822426873
"16","2023-01-24_Demengeot_plate_5","2023-01-24 plate_5",2023-01-24,"Demengeot","plate_5",2.4415,0.0705610171614408,2.58262203432288
"17","2023-01-24_Demengeot_plate_6","2023-01-24 plate_6",2023-01-24,"Demengeot","plate_6",2.530125,0.152055852050676,2.83423670410135
"18","2023-02-14_Demengeot_plate_1","2023-02-14 plate_1",2023-02-14,"Demengeot","plate_1",2.6635,0.142214124273425,2.94792824854685
"19","2023-02-14_Demengeot_plate_2","2023-02-14 plate_2",2023-02-14,"Demengeot","plate_2",1.252,0.0684794025341093,1.38895880506822
"20","2023-02-14_Demengeot_plate_3","2023-02-14 plate_3",2023-02-14,"Demengeot","plate_3",2.9865,0.242803859701024,3.47210771940205
"21","2023-02-14_Demengeot_plate_4","2023-02-14 plate_4",2023-02-14,"Demengeot","plate_4",2.21775,0.0760671695655509,2.3698843391311
"22","2023-03-05_Demengeot_plate_1","2023-03-05 plate_1",2023-03-05,"Demengeot","plate_1",2.482,0.0952950306004612,2.67259006120092
"23","2023-03-05_Demengeot_plate_2","2023-03-05 plate_2",2023-03-05,"Demengeot","plate_2",2.326375,0.124269220991017,2.57491344198203
"24","2023-03-05_Demengeot_plate_3","2023-03-05 plate_3",2023-03-05,"Demengeot","plate_3",2.163375,0.0667702617723105,2.29691552354462
"25","2023-03-05_Demengeot_plate_4","2023-03-05 plate_4",2023-03-05,"Demengeot","plate_4",1.99425,0.063780314921052,2.1218106298421
"26","2023-03-05_Demengeot_plate_5","2023-03-05 plate_5",2023-03-05,"Demengeot","plate_5",2.6785,0.0898522596901635,2.85820451938033
"27","2023-03-05_Demengeot_plate_6","2023-03-05 plate_6",2023-03-05,"Demengeot","plate_6",1.80175,0.0992223333154963,2.00019466663099
"28","2023-03-05_Demengeot_plate_7","2023-03-05 plate_7",2023-03-05,"Demengeot","plate_7",2.10575,0.10550118482747,2.31675236965494
"29","2023-03-10_Demengeot_plate_1","2023-03-10 plate_1",2023-03-10,"Demengeot","plate_1",1.13025,0.0303773882071141,1.19100477641423
"30","2023-03-10_Demengeot_plate_2","2023-03-10 plate_2",2023-03-10,"Demengeot","plate_2",1.63825,0.0857916912393869,1.80983338247877
"31","2023-03-10_Demengeot_plate_3","2023-03-10 plate_3",2023-03-10,"Demengeot","plate_3",1.307875,0.0597505230102632,1.42737604602053
"32","2023-03-10_Demengeot_plate_4","2023-03-10 plate_4",2023-03-10,"Demengeot","plate_4",2.265375,0.118852775074279,2.50308055014856
"33","2023-03-10_Demengeot_plate_5","2023-03-10 plate_5",2023-03-10,"Demengeot","plate_5",1.732,0.0799964284917056,1.89199285698341
"34","2023-03-11_Demengeot_plate_1","2023-03-11 plate_1",2023-03-11,"Demengeot","plate_1",1.891625,0.0932277357565104,2.07808047151302
"35","2023-03-11_Demengeot_plate_2","2023-03-11 plate_2",2023-03-11,"Demengeot","plate_2",1.001,0.066246293696866,1.13349258739373
"36","2023-03-11_Demengeot_plate_3","2023-03-11 plate_3",2023-03-11,"Demengeot","plate_3",2.112125,0.124537358135736,2.36119971627147
"37","2023-03-11_Demengeot_plate_4","2023-03-11 plate_4",2023-03-11,"Demengeot","plate_4",2.07075,0.121542173750513,2.31383434750103
"38","2023-03-14_Demengeot_plate_1","2023-03-14 plate_1",2023-03-14,"Demengeot","plate_1",2.554875,0.136018315468385,2.82691163093677
"39","2023-03-14_Demengeot_plate_2","2023-03-14 plate_2",2023-03-14,"Demengeot","plate_2",2.327125,0.137703031920143,2.60253106384029
"40","2023-03-14_Demengeot_plate_3","2023-03-14 plate_3",2023-03-14,"Demengeot","plate_3",1.68925,0.132131698370549,1.9535133967411
"41","2023-03-14_Demengeot_plate_4","2023-03-14 plate_4",2023-03-14,"Demengeot","plate_4",1.936875,0.103897528500785,2.14467005700157
"42","2023-03-14_Demengeot_plate_5","2023-03-14 plate_5",2023-03-14,"Demengeot","plate_5",1.728875,0.0726231712334294,1.87412134246686
"43","2023-03-14_Demengeot_plate_6","2023-03-14 plate_6",2023-03-14,"Demengeot","plate_6",1.483375,0.0787454080293847,1.64086581605877
"44","2023-03-14_Demengeot_plate_7","2023-03-14 plate_7",2023-03-14,"Demengeot","plate_7",1.830125,0.0869341910379833,2.00399338207597
"45","2023-03-14_Demengeot_plate_8","2023-03-14 plate_8",2023-03-14,"Demengeot","plate_8",1.2575,0.0742293742395826,1.40595874847917
"46","2023-03-15_Demengeot_plate_1","2023-03-15 plate_1",2023-03-15,"Demengeot","plate_1",2.006625,0.0849048837565561,2.17643476751311
"47","2023-03-15_Demengeot_plate_2","2023-03-15 plate_2",2023-03-15,"Demengeot","plate_2",1.895375,0.0750370146756157,2.04544902935123
"48","2023-03-15_Demengeot_plate_3","2023-03-15 plate_3",2023-03-15,"Demengeot","plate_3",1.07075,0.0639369108686725,1.19862382173735
"49","2023-03-15_Demengeot_plate_4","2023-03-15 plate_4",2023-03-15,"Demengeot","plate_4",2.07475,0.135155730283889,2.34506146056778
"50","2023-03-15_Demengeot_plate_5","2023-03-15 plate_5",2023-03-15,"Demengeot","plate_5",2.2275,0.0679348427328926,2.36336968546579
"51","2023-03-31_Demengeot_plate_1","2023-03-31 plate_1",2023-03-31,"Demengeot","plate_1",1.729625,0.107155344510402,1.9439356890208
"52","2023-03-31_Demengeot_plate_2","2023-03-31 plate_2",2023-03-31,"Demengeot","plate_2",2.495625,0.100115558231476,2.69585611646295
"53","2023-03-31_Demengeot_plate_3","2023-03-31 plate_3",2023-03-31,"Demengeot","plate_3",1.749875,0.077331267932189,1.90453753586438
"54","2023-03-31_Demengeot_plate_4","2023-03-31 plate_4",2023-03-31,"Demengeot","plate_4",2.4515,0.118185084869937,2.68787016973987
"55","2023-03-31_Demengeot_plate_5","2023-03-31 plate_5",2023-03-31,"Demengeot","plate_5",2.264625,0.0713200783190019,2.407265156638
"56","2023-04-03_Demengeot_plate_1","2023-04-03 plate_1",2023-04-03,"Demengeot","plate_1",1.364875,0.0514682634529002,1.4678115269058
"57","2023-04-03_Demengeot_plate_2","2023-04-03 plate_2",2023-04-03,"Demengeot","plate_2",2.194375,0.134004197695445,2.46238339539089
"58","2023-04-03_Demengeot_plate_3","2023-04-03 plate_3",2023-04-03,"Demengeot","plate_3",2.333125,0.14837254029734,2.62987008059468
"59","2023-04-03_Demengeot_plate_4","2023-04-03 plate_4",2023-04-03,"Demengeot","plate_4",2.273,0.0672011904656458,2.40740238093129
"60","2023-04-03_Demengeot_plate_5","2023-04-03 plate_5",2023-04-03,"Demengeot","plate_5",2.154375,0.110230845436812,2.37483669087362
"61","2023-04-03_Demengeot_plate_6","2023-04-03 plate_6",2023-04-03,"Demengeot","plate_6",2.252375,0.0759284202390647,2.40423184047813
"62","2023-04-03_Demengeot_plate_7","2023-04-03 plate_7",2023-04-03,"Demengeot","plate_7",2.0275,0.126719036792876,2.28093807358575
"63","2023-04-03_Demengeot_plate_8","2023-04-03 plate_8",2023-04-03,"Demengeot","plate_8",1.846,0.0843258984112066,2.01465179682241
"64","2023-04-10_Demengeot_plate_1","2023-04-10 plate_1",2023-04-10,"Demengeot","plate_1",2.010625,0.0716179097712297,2.15386081954246
"65","2023-04-10_Demengeot_plate_2","2023-04-10 plate_2",2023-04-10,"Demengeot","plate_2",2.015125,0.103305977561804,2.22173695512361
"66","2023-04-10_Demengeot_plate_3","2023-04-10 plate_3",2023-04-10,"Demengeot","plate_3",2.029875,0.134317786823424,2.29851057364685
"67","2023-04-10_Demengeot_plate_4","2023-04-10 plate_4",2023-04-10,"Demengeot","plate_4",2.360125,0.15722544096206,2.67457588192412
"68","2023-04-10_Demengeot_plate_5","2023-04-10 plate_5",2023-04-10,"Demengeot","plate_5",1.941375,0.0671883014902361,2.07575160298047
"69","2023-04-10_Demengeot_plate_6","2023-04-10 plate_6",2023-04-10,"Demengeot","plate_6",1.72525,0.0616435606647489,1.8485371213295
"70","2023-04-10_Demengeot_plate_7","2023-04-10 plate_7",2023-04-10,"Demengeot","plate_7",2.588375,0.162934638516711,2.91424427703342
"71","2023-04-10_Demengeot_plate_8","2023-04-10 plate_8",2023-04-10,"Demengeot","plate_8",2.133125,0.103806740078447,2.34073848015689
"72","2023-04-15_Demengeot_plate_1","2023-04-15 plate_1",2023-04-15,"Demengeot","plate_1",1.757375,0.0576515084674411,1.87267801693488
"73","2023-04-15_Demengeot_plate_2","2023-04-15 plate_2",2023-04-15,"Demengeot","plate_2",1.681875,0.0865141400498868,1.85490328009977
"74","2023-04-15_Demengeot_plate_3","2023-04-15 plate_3",2023-04-15,"Demengeot","plate_3",2.227125,0.06611772509266,2.35936045018532
"75","2023-04-15_Demengeot_plate_4","2023-04-15 plate_4",2023-04-15,"Demengeot","plate_4",1.669375,0.0532458918603116,1.77586678372062
"76","2023-04-15_Demengeot_plate_5","2023-04-15 plate_5",2023-04-15,"Demengeot","plate_5",1.735125,0.0804601720462633,1.89604534409253
"77","2023-04-15_Demengeot_plate_6","2023-04-15 plate_6",2023-04-15,"Demengeot","plate_6",1.883875,0.0753438546171579,2.03456270923432
"78","2023-04-20_Demengeot_plate_1","2023-04-20 plate_1",2023-04-20,"Demengeot","plate_1",2.31075,0.131545483714624,2.57384096742925
"79","2023-04-20_Demengeot_plate_2","2023-04-20 plate_2",2023-04-20,"Demengeot","plate_2",2.2865,0.0853379835042487,2.4571759670085
"80","2023-04-20_Demengeot_plate_3","2023-04-20 plate_3",2023-04-20,"Demengeot","plate_3",2.32175,0.11894986939283,2.55964973878566
"81","2023-04-20_Demengeot_plate_4","2023-04-20 plate_4",2023-04-20,"Demengeot","plate_4",1.834375,0.136388036236949,2.1071510724739
"82","2023-04-20_Demengeot_plate_5","2023-04-20 plate_5",2023-04-20,"Demengeot","plate_5",2.28475,0.125473673960488,2.53569734792098
"83","2023-04-23_Demengeot_plate_1","2023-04-23 plate_1",2023-04-23,"Demengeot","plate_1",1.787,0.102911890191839,1.99282378038368
"84","2023-04-23_Demengeot_plate_2","2023-04-23 plate_2",2023-04-23,"Demengeot","plate_2",2.249875,0.0725601966842507,2.3949953933685
"85","2023-04-23_Demengeot_plate_3","2023-04-23 plate_3",2023-04-23,"Demengeot","plate_3",1.93125,0.0868886808344036,2.10502736166881
"86","2023-04-23_Demengeot_plate_4","2023-04-23 plate_4",2023-04-23,"Demengeot","plate_4",2.333,0.110084383218381,2.55316876643676
"87","2023-04-23_Demengeot_plate_5","2023-04-23 plate_5",2023-04-23,"Demengeot","plate_5",2.155125,0.141525805319838,2.43817661063968
"88","2023-04-23_Demengeot_plate_6","2023-04-23 plate_6",2023-04-23,"Demengeot","plate_6",2.0735,0.13358999107076,2.34067998214152
"89","2023-04-25_Demengeot_plate_1","2023-04-25 plate_1",2023-04-25,"Demengeot","plate_1",2.041625,0.0909802765124712,2.22358555302494
"90","2023-04-25_Demengeot_plate_2","2023-04-25 plate_2",2023-04-25,"Demengeot","plate_2",1.909,0.0608323222355634,2.03066464447113
"91","2023-04-25_Demengeot_plate_3","2023-04-25 plate_3",2023-04-25,"Demengeot","plate_3",2.0445,0.0676271289604148,2.17975425792083
"92","2023-04-25_Demengeot_plate_4","2023-04-25 plate_4",2023-04-25,"Demengeot","plate_4",2.203625,0.0775369727475683,2.35869894549514
"93","2023-04-29_Demengeot_plate_1","2023-04-29 plate_1",2023-04-29,"Demengeot","plate_1",2.178875,0.0641525803957141,2.30718016079143
"94","2023-04-29_Demengeot_plate_2","2023-04-29 plate_2",2023-04-29,"Demengeot","plate_2",2.355375,0.132890865535812,2.62115673107162
"95","2023-04-29_Demengeot_plate_3","2023-04-29 plate_3",2023-04-29,"Demengeot","plate_3",1.407875,0.0632171710398821,1.53430934207976
"96","2023-04-29_Demengeot_plate_4","2023-04-29 plate_4",2023-04-29,"Demengeot","plate_4",1.310875,0.0804938995026509,1.4718627990053
"97","2023-04-29_Demengeot_plate_5","2023-04-29 plate_5",2023-04-29,"Demengeot","plate_5",1.855875,0.104743820138197,2.06536264027639
"98","2023-04-29_Demengeot_plate_6","2023-04-29 plate_6",2023-04-29,"Demengeot","plate_6",2.441375,0.0946496358758372,2.63067427175167
"99","2023-04-29_Demengeot_plate_7","2023-04-29 plate_7",2023-04-29,"Demengeot","plate_7",1.42775,0.0998953023348517,1.6275406046697
"100","2023-05-03_Demengeot_plate_1","2023-05-03 plate_1",2023-05-03,"Demengeot","plate_1",2.201875,0.111517375327794,2.42490975065559
"101","2023-05-03_Demengeot_plate_2","2023-05-03 plate_2",2023-05-03,"Demengeot","plate_2",1.70275,0.0967526300860675,1.89625526017213
"102","2023-05-03_Demengeot_plate_3","2023-05-03 plate_3",2023-05-03,"Demengeot","plate_3",1.8075,0.0350224417848246,1.87754488356965
"103","2023-05-03_Demengeot_plate_4","2023-05-03 plate_4",2023-05-03,"Demengeot","plate_4",2.151875,0.131575548640315,2.41502609728063
"104","2023-05-03_Demengeot_plate_5","2023-05-03 plate_5",2023-05-03,"Demengeot","plate_5",1.807125,0.0948283223213704,1.99678164464274
"105","2023-05-16_Demengeot_plate_1","2023-05-16 plate_1",2023-05-16,"Demengeot","plate_1",2.5975,0.126449312261588,2.85039862452318
"106","2023-05-16_Demengeot_plate_2","2023-05-16 plate_2",2023-05-16,"Demengeot","plate_2",1.594,0.071805292284065,1.73761058456813
"107","2023-05-16_Demengeot_plate_3","2023-05-16 plate_3",2023-05-16,"Demengeot","plate_3",2.161625,0.0743907396310665,2.31040647926213
"108","2023-05-16_Demengeot_plate_4","2023-05-16 plate_4",2023-05-16,"Demengeot","plate_4",1.97175,0.0901772064960351,2.15210441299207
"109","2023-05-16_Demengeot_plate_5","2023-05-16 plate_5",2023-05-16,"Demengeot","plate_5",1.619625,0.0520958937235666,1.72381678744713
"110","2023-05-16_Demengeot_plate_6","2023-05-16 plate_6",2023-05-16,"Demengeot","plate_6",2.251625,0.0898680580470217,2.43136111609404
"111","2023-05-21_Demengeot_plate_1","2023-05-21 plate_1",2023-05-21,"Demengeot","plate_1",1.72575,0.0649675743297047,1.85568514865941
"112","2023-05-21_Demengeot_plate_2","2023-05-21 plate_2",2023-05-21,"Demengeot","plate_2",3.075375,0.146928493298125,3.36923198659625
"113","2023-05-21_Demengeot_plate_3","2023-05-21 plate_3",2023-05-21,"Demengeot","plate_3",1.836625,0.0819476095702963,2.00052021914059
"114","2023-05-21_Demengeot_plate_4","2023-05-21 plate_4",2023-05-21,"Demengeot","plate_4",1.868125,0.0531505610775384,1.97442612215508
"115","2023-05-22_Demengeot_plate_1","2023-05-22 plate_1",2023-05-22,"Demengeot","plate_1",2.040875,0.11248801523464,2.26585103046928
"116","2023-05-22_Demengeot_plate_2","2023-05-22 plate_2",2023-05-22,"Demengeot","plate_2",1.236,0.0728285658241325,1.38165713164826
"117","2023-05-22_Demengeot_plate_3","2023-05-22 plate_3",2023-05-22,"Demengeot","plate_3",1.231375,0.0490129356103351,1.32940087122067
"118","2023-05-22_Demengeot_plate_4","2023-05-22 plate_4",2023-05-22,"Demengeot","plate_4",2.464125,0.122787199774942,2.70969939954988
"119","2023-05-23_Demengeot_plate_1","2023-05-23 plate_1",2023-05-23,"Demengeot","plate_1",2.28725,0.0727907961214878,2.43283159224298
"120","2023-05-23_Demengeot_plate_2","2023-05-23 plate_2",2023-05-23,"Demengeot","plate_2",1.805375,0.115837247278856,2.03704949455771
"121","2023-05-23_Demengeot_plate_3","2023-05-23 plate_3",2023-05-23,"Demengeot","plate_3",1.0345,0.0315820925752011,1.0976641851504
"122","2023-05-23_Demengeot_plate_4","2023-05-23 plate_4",2023-05-23,"Demengeot","plate_4",2.1965,0.150583626505104,2.49766725301021
"123","2023-05-24_Demengeot_plate_1","2023-05-24 plate_1",2023-05-24,"Demengeot","plate_1",1.332,0.0264142818511935,1.38482856370239
"124","2023-05-24_Demengeot_plate_2","2023-05-24 plate_2",2023-05-24,"Demengeot","plate_2",2.5105,0.105037408302267,2.72057481660453
"125","2023-05-24_Demengeot_plate_3","2023-05-24 plate_3",2023-05-24,"Demengeot","plate_3",3.181125,0.092411250861106,3.36594750172221
"126","2023-05-24_Demengeot_plate_4","2023-05-24 plate_4",2023-05-24,"Demengeot","plate_4",1.98225,0.159433595670961,2.30111719134192
"127","2023-05-24_Demengeot_plate_5","2023-05-24 plate_5",2023-05-24,"Demengeot","plate_5",2.034,0.093331972779199,2.2206639455584
"128","2023-05-24_Demengeot_plate_6","2023-05-24 plate_6",2023-05-24,"Demengeot","plate_6",1.97625,0.0879963473267905,2.15224269465358
"129","2023-05-24_Demengeot_plate_7","2023-05-24 plate_7",2023-05-24,"Demengeot","plate_7",2.128,0.119193719872915,2.36638743974583
"130","2023-05-24_Demengeot_plate_8","2023-05-24 plate_8",2023-05-24,"Demengeot","plate_8",2.239375,0.157924880424659,2.55522476084932
"131","2023-06-07_Demengeot_plate_1","2023-06-07 plate_1",2023-06-07,"Demengeot","plate_1",1.936375,0.106513496797354,2.14940199359471
"132","2023-06-07_Demengeot_plate_2","2023-06-07 plate_2",2023-06-07,"Demengeot","plate_2",2.13975,0.0924627338058806,2.32467546761176
"133","2023-06-07_Demengeot_plate_3","2023-06-07 plate_3",2023-06-07,"Demengeot","plate_3",2.182875,0.0832199109073578,2.34931482181472
"134","2023-06-07_Demengeot_plate_4","2023-06-07 plate_4",2023-06-07,"Demengeot","plate_4",1.97075,0.104326068513237,2.17940213702647
"135","2023-06-07_Demengeot_plate_5","2023-06-07 plate_5",2023-06-07,"Demengeot","plate_5",2.121125,0.0832181942674969,2.28756138853499
"136","2023-06-07_Demengeot_plate_6","2023-06-07 plate_6",2023-06-07,"Demengeot","plate_6",2.334625,0.127026361156145,2.58867772231229
"137","2023-06-10_Demengeot_plate_1","2023-06-10 plate_1",2023-06-10,"Demengeot","plate_1",2.019875,0.0920441470165268,2.20396329403305
"138","2023-06-10_Demengeot_plate_2","2023-06-10 plate_2",2023-06-10,"Demengeot","plate_2",1.897625,0.0942366890941558,2.08609837818831
"139","2023-06-10_Demengeot_plate_3","2023-06-10 plate_3",2023-06-10,"Demengeot","plate_3",1.86025,0.147465007955883,2.15518001591177
"140","2023-06-10_Demengeot_plate_4","2023-06-10 plate_4",2023-06-10,"Demengeot","plate_4",2.724625,0.124435798133587,2.97349659626717
"141","2023-06-11_Demengeot_plate_1","2023-06-11 plate_1",2023-06-11,"Demengeot","plate_1",2.552,0.12475919662637,2.80151839325274
"142","2023-06-11_Demengeot_plate_2","2023-06-11 plate_2",2023-06-11,"Demengeot","plate_2",2.198,0.123957365942604,2.44591473188521
"143","2023-06-11_Demengeot_plate_3","2023-06-11 plate_3",2023-06-11,"Demengeot","plate_3",1.980875,0.0982015965828895,2.17727819316578
"144","2023-06-11_Demengeot_plate_4","2023-06-11 plate_4",2023-06-11,"Demengeot","plate_4",0.9835,0.0446382283314585,1.07277645666292
"145","2023-06-11_Demengeot_plate_5","2023-06-11 plate_5",2023-06-11,"Demengeot","plate_5",1.63,0.0964735344907755,1.82294706898155
"146","2023-06-11_Demengeot_plate_6","2023-06-11 plate_6",2023-06-11,"Demengeot","plate_6",1.9915,0.0741696896120165,2.13983937922403
"147","2023-06-11_Demengeot_plate_7","2023-06-11 plate_7",2023-06-11,"Demengeot","plate_7",2.475625,0.124541372930559,2.72470774586112
"148","2023-06-11_Demengeot_plate_8","2023-06-11 plate_8",2023-06-11,"Demengeot","plate_8",2.50125,0.151525339700753,2.80430067940151
"149","2023-06-18_Demengeot_plate_1","2023-06-18 plate_1",2023-06-18,"Demengeot","plate_1",1.62875,0.0730826342476202,1.77491526849524
"150","2023-06-18_Demengeot_plate_2","2023-06-18 plate_2",2023-06-18,"Demengeot","plate_2",2.590375,0.130215137917437,2.85080527583487
"151","2023-06-18_Demengeot_plate_3","2023-06-18 plate_3",2023-06-18,"Demengeot","plate_3",1.343625,0.085511799519966,1.51464859903993
"152","2023-06-18_Demengeot_plate_4","2023-06-18 plate_4",2023-06-18,"Demengeot","plate_4",2.3495,0.126864382032828,2.60322876406566
"153","2023-06-18_Demengeot_plate_5","2023-06-18 plate_5",2023-06-18,"Demengeot","plate_5",2.044625,0.0914985362880583,2.22762207257612
"154","2023-06-18_Demengeot_plate_6","2023-06-18 plate_6",2023-06-18,"Demengeot","plate_6",1.19,0.0342470019542901,1.25849400390858
"155","2023-06-18_Demengeot_plate_7","2023-06-18 plate_7",2023-06-18,"Demengeot","plate_7",1.88975,0.073248598231346,2.03624719646269
"156","2023-06-18_Demengeot_plate_8","2023-06-18 plate_8",2023-06-18,"Demengeot","plate_8",1.307,0.0564977875673021,1.4199955751346
"157","2023-06-20_Demengeot_plate_1","2023-06-20 plate_1",2023-06-20,"Demengeot","plate_1",1.691,0.0768783826201209,1.84475676524024
"158","2023-06-20_Demengeot_plate_2","2023-06-20 plate_2",2023-06-20,"Demengeot","plate_2",1.792375,0.139695523499196,2.07176604699839
"159","2023-06-20_Demengeot_plate_3","2023-06-20 plate_3",2023-06-20,"Demengeot","plate_3",1.871625,0.0994914748680939,2.07060794973619
"160","2023-06-20_Demengeot_plate_4","2023-06-20 plate_4",2023-06-20,"Demengeot","plate_4",2.0335,0.0948321826024417,2.22316436520488
"161","2023-06-20_Demengeot_plate_5","2023-06-20 plate_5",2023-06-20,"Demengeot","plate_5",1.903,0.0823303450392728,2.06766069007855
"162","2023-06-24_Demengeot_plate_1","2023-06-24 plate_1",2023-06-24,"Demengeot","plate_1",1.961875,0.0652499315817923,2.09237486316358
"163","2023-06-24_Demengeot_plate_2","2023-06-24 plate_2",2023-06-24,"Demengeot","plate_2",2.01475,0.0727338592796663,2.16021771855933
"164","2023-06-24_Demengeot_plate_3","2023-06-24 plate_3",2023-06-24,"Demengeot","plate_3",2.416625,0.0887837460993204,2.59419249219864
"165","2023-06-24_Demengeot_plate_4","2023-06-24 plate_4",2023-06-24,"Demengeot","plate_4",1.739875,0.0970941185507281,1.93406323710146
"166","2023-06-24_Demengeot_plate_5","2023-06-24 plate_5",2023-06-24,"Demengeot","plate_5",1.95675,0.0881196426943019,2.1329892853886
"167","2023-06-25_Demengeot_plate_1","2023-06-25 plate_1",2023-06-25,"Demengeot","plate_1",1.993,0.0827008377915761,2.15840167558315
"168","2023-06-25_Demengeot_plate_2","2023-06-25 plate_2",2023-06-25,"Demengeot","plate_2",2.093125,0.145046236470602,2.3832174729412
"169","2023-06-25_Demengeot_plate_3","2023-06-25 plate_3",2023-06-25,"Demengeot","plate_3",2.8255,0.183342770319889,3.19218554063978
"170","2023-06-25_Demengeot_plate_4","2023-06-25 plate_4",2023-06-25,"Demengeot","plate_4",1.394125,0.0872720500176643,1.56866910003533
"171","2023-06-25_Demengeot_plate_5","2023-06-25 plate_5",2023-06-25,"Demengeot","plate_5",1.55625,0.0648487250673222,1.68594745013464
"172","2023-06-25_Demengeot_plate_6","2023-06-25 plate_6",2023-06-25,"Demengeot","plate_6",1.321125,0.0709998742453615,1.46312474849072
"173","2023-06-25_Demengeot_plate_7","2023-06-25 plate_7",2023-06-25,"Demengeot","plate_7",2.1245,0.0677263400964288,2.25995268019286
"174","2023-06-25_Demengeot_plate_8","2023-06-25 plate_8",2023-06-25,"Demengeot","plate_8",2.919125,0.153420465667766,3.22596593133553
"175","2023-06-27_Demengeot_plate_1","2023-06-27 plate_1",2023-06-27,"Demengeot","plate_1",1.291125,0.0470575255860921,1.38524005117218
"176","2023-06-27_Demengeot_plate_2","2023-06-27 plate_2",2023-06-27,"Demengeot","plate_2",1.874,0.0764255006058654,2.02685100121173
"177","2023-06-27_Demengeot_plate_3","2023-06-27 plate_3",2023-06-27,"Demengeot","plate_3",1.835875,0.0385762232469691,1.91302744649394
"178","2023-06-27_Demengeot_plate_4","2023-06-27 plate_4",2023-06-27,"Demengeot","plate_4",2.051375,0.109497472247406,2.27036994449481
"179","2023-06-27_Demengeot_plate_5","2023-06-27 plate_5",2023-06-27,"Demengeot","plate_5",1.253875,0.0513821467048624,1.35663929340972
"180","2023-06-27_Demengeot_plate_6","2023-06-27 plate_6",2023-06-27,"Demengeot","plate_6",2.038,0.0764049362653636,2.19080987253073
"181","2023-06-27_Demengeot_plate_7","2023-06-27 plate_7",2023-06-27,"Demengeot","plate_7",2.76475,0.219406830210131,3.20356366042026
"182","2023-07-04_Demengeot_plate_1","2023-07-04 plate_1",2023-07-04,"Demengeot","plate_1",2.4175,0.103277711604614,2.62405542320923
"183","2023-07-04_Demengeot_plate_2","2023-07-04 plate_2",2023-07-04,"Demengeot","plate_2",2.172875,0.149949932120215,2.47277486424043
"184","2023-07-04_Demengeot_plate_3","2023-07-04 plate_3",2023-07-04,"Demengeot","plate_3",2.002625,0.097382805023709,2.19739061004742
"185","2023-07-04_Demengeot_plate_4","2023-07-04 plate_4",2023-07-04,"Demengeot","plate_4",2.358875,0.0983585823112844,2.55559216462257
"186","2023-07-04_Demengeot_plate_5","2023-07-04 plate_5",2023-07-04,"Demengeot","plate_5",1.269625,0.0900966742687304,1.44981834853746
"187","2023-07-05_Demengeot_plate_1","2023-07-05 plate_1",2023-07-05,"Demengeot","plate_1",1.619375,0.113164781876443,1.84570456375289
"188","2023-07-05_Demengeot_plate_2","2023-07-05 plate_2",2023-07-05,"Demengeot","plate_2",1.913875,0.117724178242437,2.14932335648487
"189","2023-07-05_Demengeot_plate_3","2023-07-05 plate_3",2023-07-05,"Demengeot","plate_3",1.92975,0.0662177145051513,2.0621854290103
"190","2023-07-05_Demengeot_plate_4","2023-07-05 plate_4",2023-07-05,"Demengeot","plate_4",2.209875,0.122366472415562,2.45460794483112
"191","2023-07-05_Demengeot_plate_5","2023-07-05 plate_5",2023-07-05,"Demengeot","plate_5",2.087125,0.104439233870364,2.29600346774073
"192","2023-07-25_Demengeot_plate_1","2023-07-25 plate_1",2023-07-25,"Demengeot","plate_1",1.96175,0.0608199920139046,2.08338998402781
"193","2023-07-25_Demengeot_plate_2","2023-07-25 plate_2",2023-07-25,"Demengeot","plate_2",2.403625,0.0848661761666145,2.57335735233323
"194","2023-07-25_Demengeot_plate_3","2023-07-25 plate_3",2023-07-25,"Demengeot","plate_3",2.133,0.119356608530906,2.37171321706181
"195","2023-07-25_Demengeot_plate_4","2023-07-25 plate_4",2023-07-25,"Demengeot","plate_4",2.04925,0.104759247801805,2.25876849560361
"196","2023-07-25_Demengeot_plate_5","2023-07-25 plate_5",2023-07-25,"Demengeot","plate_5",1.276125,0.111696575596569,1.49951815119314
"197","2023-07-25_Demengeot_plate_6","2023-07-25 plate_6",2023-07-25,"Demengeot","plate_6",1.8565,0.148370193387062,2.15324038677412
"198","2023-07-25_Demengeot_plate_7","2023-07-25 plate_7",2023-07-25,"Demengeot","plate_7",2.113625,0.144719371296905,2.40306374259381
"199","2023-08-01_Demengeot_plate_1","2023-08-01 plate_1",2023-08-01,"Demengeot","plate_1",2.230125,0.10963111849679,2.44938723699358
"200","2023-08-01_Demengeot_plate_2","2023-08-01 plate_2",2023-08-01,"Demengeot","plate_2",1.829375,0.058622125272192,1.94661925054438
"201","2023-08-01_Demengeot_plate_3","2023-08-01 plate_3",2023-08-01,"Demengeot","plate_3",1.945125,0.158793160611982,2.26271132122397
"202","2023-08-01_Demengeot_plate_4","2023-08-01 plate_4",2023-08-01,"Demengeot","plate_4",2.50725,0.139902772360971,2.78705554472194
"203","2023-08-01_Demengeot_plate_5","2023-08-01 plate_5",2023-08-01,"Demengeot","plate_5",1.774,0.0781555226089987,1.930311045218
"204","2023-08-01_Demengeot_plate_6","2023-08-01 plate_6",2023-08-01,"Demengeot","plate_6",1.767875,0.0999791942641782,1.96783338852836
"205","2023-08-01_Demengeot_plate_7","2023-08-01 plate_7",2023-08-01,"Demengeot","plate_7",2.065875,0.109821202090359,2.28551740418072
"206","2023-08-01_Demengeot_plate_8","2023-08-01 plate_8",2023-08-01,"Demengeot","plate_8",1.800375,0.0530792870551754,1.90653357411035
"207","2023-08-20_Demengeot_plate_1","2023-08-20 plate_1",2023-08-20,"Demengeot","plate_1",1.58625,0.107269686837828,1.80078937367566
"208","2023-08-20_Demengeot_plate_2","2023-08-20 plate_2",2023-08-20,"Demengeot","plate_2",2.402375,0.108121542058661,2.61861808411732
"209","2023-08-20_Demengeot_plate_3","2023-08-20 plate_3",2023-08-20,"Demengeot","plate_3",1.816875,0.0584354038967083,1.93374580779342
"210","2023-08-20_Demengeot_plate_4","2023-08-20 plate_4",2023-08-20,"Demengeot","plate_4",1.385625,0.0527174069923778,1.49105981398476
"211","2023-08-20_Demengeot_plate_5","2023-08-20 plate_5",2023-08-20,"Demengeot","plate_5",2.3525,0.106867073640909,2.56623414728182
"212","2023-08-21_Demengeot_plate_1","2023-08-21 plate_1",2023-08-21,"Demengeot","plate_1",1.861875,0.0774641622208065,2.01680332444161
"213","2023-08-21_Demengeot_plate_2","2023-08-21 plate_2",2023-08-21,"Demengeot","plate_2",1.839125,0.0721792164387664,1.98348343287753
"214","2023-08-21_Demengeot_plate_3","2023-08-21 plate_3",2023-08-21,"Demengeot","plate_3",1.67125,0.08777528125845,1.8468005625169
"215","2023-08-21_Demengeot_plate_4","2023-08-21 plate_4",2023-08-21,"Demengeot","plate_4",2.109375,0.0968149007126486,2.3030048014253
"216","2023-08-21_Demengeot_plate_5","2023-08-21 plate_5",2023-08-21,"Demengeot","plate_5",1.758375,0.0848745923617394,1.92812418472348
"217","2023-08-21_Demengeot_plate_6","2023-08-21 plate_6",2023-08-21,"Demengeot","plate_6",1.410375,0.0557390283886819,1.52185305677736
"218","2023-08-21_Demengeot_plate_7","2023-08-21 plate_7",2023-08-21,"Demengeot","plate_7",2.901375,0.228090168573746,3.35755533714749
"219","2023-08-31_Demengeot_plate_1","2023-08-31 plate_1",2023-08-31,"Demengeot","plate_1",1.845625,0.0806065178151601,2.00683803563032
"220","2023-08-31_Demengeot_plate_2","2023-08-31 plate_2",2023-08-31,"Demengeot","plate_2",1.54375,0.115653114342601,1.7750562286852
"221","2023-08-31_Demengeot_plate_3","2023-08-31 plate_3",2023-08-31,"Demengeot","plate_3",2.004,0.112818438209364,2.22963687641873
"222","2023-08-31_Demengeot_plate_4","2023-08-31 plate_4",2023-08-31,"Demengeot","plate_4",1.8725,0.0826023175046733,2.03770463500935
"223","2023-08-31_Demengeot_plate_5","2023-08-31 plate_5",2023-08-31,"Demengeot","plate_5",1.51925,0.0801921798823658,1.67963435976473
"224","2023-08-31_Demengeot_plate_6","2023-08-31 plate_6",2023-08-31,"Demengeot","plate_6",2.095625,0.0818359639767261,2.25929692795345
"225","2023-08-31_Demengeot_plate_7","2023-08-31 plate_7",2023-08-31,"Demengeot","plate_7",1.8845,0.085471799860706,2.05544359972141
"226","2023-08-31_Demengeot_plate_8","2023-08-31 plate_8",2023-08-31,"Demengeot","plate_8",2.39225,0.114332535052052,2.6209150701041
"227","2023-09-03_Demengeot_plate_1","2023-09-03 plate_1",2023-09-03,"Demengeot","plate_1",2.14675,0.101943611864599,2.3506372237292
"228","2023-09-03_Demengeot_plate_2","2023-09-03 plate_2",2023-09-03,"Demengeot","plate_2",2.592875,0.188295692614417,2.96946638522883
"229","2023-09-03_Demengeot_plate_3","2023-09-03 plate_3",2023-09-03,"Demengeot","plate_3",2.374625,0.131228195467721,2.63708139093544
"230","2023-09-03_Demengeot_plate_4","2023-09-03 plate_4",2023-09-03,"Demengeot","plate_4",1.948,0.0643272881443016,2.0766545762886
"231","2023-09-03_Demengeot_plate_5","2023-09-03 plate_5",2023-09-03,"Demengeot","plate_5",1.620875,0.0674164827238647,1.75570796544773
"232","2023-09-03_Demengeot_plate_6","2023-09-03 plate_6",2023-09-03,"Demengeot","plate_6",2.1315,0.0723384900509898,2.27617698010198
"233","2023-09-03_Demengeot_plate_7","2023-09-03 plate_7",2023-09-03,"Demengeot","plate_7",1.738375,0.071089355240932,1.88055371048186
"234","2023-09-07_Demengeot_plate_1","2023-09-07 plate_1",2023-09-07,"Demengeot","plate_1",1.936625,0.130086715583985,2.19679843116797
"235","2023-09-07_Demengeot_plate_2","2023-09-07 plate_2",2023-09-07,"Demengeot","plate_2",1.8935,0.0624087905896047,2.01831758117921
"236","2023-09-07_Demengeot_plate_3","2023-09-07 plate_3",2023-09-07,"Demengeot","plate_3",2.20875,0.112161554401293,2.43307310880259
"237","2023-09-07_Demengeot_plate_4","2023-09-07 plate_4",2023-09-07,"Demengeot","plate_4",2.49375,0.0874132222754169,2.66857644455083
"238","2023-09-09_Demengeot_plate_1","2023-09-09 plate_1",2023-09-09,"Demengeot","plate_1",2.56625,0.0899360884183875,2.74612217683678
"239","2023-09-09_Demengeot_plate_2","2023-09-09 plate_2",2023-09-09,"Demengeot","plate_2",1.808,0.109698287524073,2.02739657504815
"240","2023-09-09_Demengeot_plate_3","2023-09-09 plate_3",2023-09-09,"Demengeot","plate_3",1.899,0.0789393980939086,2.05687879618782
"241","2023-09-09_Demengeot_plate_4","2023-09-09 plate_4",2023-09-09,"Demengeot","plate_4",2.575625,0.127438430512262,2.83050186102452
"242","2023-09-09_Demengeot_plate_5","2023-09-09 plate_5",2023-09-09,"Demengeot","plate_5",2.811,0.148678944613649,3.1083578892273
"243","2023-09-09_Demengeot_plate_6","2023-09-09 plate_6",2023-09-09,"Demengeot","plate_6",2.49875,0.131613883331943,2.76197776666389
"244","2023-09-12_Demengeot_plate_1","2023-09-12 plate_1",2023-09-12,"Demengeot","plate_1",1.441,0.0630985623562738,1.56719712471255
"245","2023-09-12_Demengeot_plate_2","2023-09-12 plate_2",2023-09-12,"Demengeot","plate_2",1.684,0.105252078364277,1.89450415672855
"246","2023-09-12_Demengeot_plate_3","2023-09-12 plate_3",2023-09-12,"Demengeot","plate_3",2.292,0.0952290471892449,2.48245809437849
"247","2023-09-12_Demengeot_plate_4","2023-09-12 plate_4",2023-09-12,"Demengeot","plate_4",3.05,0.158681171805965,3.36736234361193
"248","2023-09-12_Demengeot_plate_5","2023-09-12 plate_5",2023-09-12,"Demengeot","plate_5",2.314,0.0662743216810682,2.44654864336214
"249","2023-08-18_Howard_plate_1","Fri Aug 18 2023 (P1)",2023-08-18,"Howard","plate_1",2.153125,0.102838899671838,2.35880279934368
"250","2023-08-18_Howard_plate_2","Fri Aug 18 2023 (P2)",2023-08-18,"Howard","plate_2",2.7765,0.149506808253958,3.07551361650792
"251","2023-08-18_Howard_plate_3","Fri Aug 18 2023 (P3)",2023-08-18,"Howard","plate_3",1.758375,0.128258597595416,2.01489219519083
"252","2023-08-18_Howard_plate_4","Fri Aug 18 2023 (P4)",2023-08-18,"Howard","plate_4",2.424125,0.0907310586293359,2.60558711725867
"253","2023-08-18_Howard_plate_5","Fri Aug 18 2023 (P5)",2023-08-18,"Howard","plate_5",2.015,0.0913048269730108,2.19760965394602
"254","2023-10-06_Howard_plate_1","Fri Oct 06 2023 (P1)",2023-10-06,"Howard","plate_1",2.181375,0.131879747714131,2.44513449542826
"255","2023-10-06_Howard_plate_2","Fri Oct 06 2023 (P2)",2023-10-06,"Howard","plate_2",1.52325,0.0858715818616879,1.69499316372338
"256","2023-10-06_Howard_plate_3","Fri Oct 06 2023 (P3)",2023-10-06,"Howard","plate_3",3.285625,0.130610585329061,3.54684617065812
"257","2023-10-06_Howard_plate_4","Fri Oct 06 2023 (P4)",2023-10-06,"Howard","plate_4",2.26525,0.131825371501197,2.52890074300239
"258","2023-10-06_Howard_plate_5","Fri Oct 06 2023 (P5)",2023-10-06,"Howard","plate_5",2.48525,0.111026058717248,2.7073021174345
"259","2023-08-21_Howard_plate_1","Mon Aug 21 2023 (P1)",2023-08-21,"Howard","plate_1",3.006625,0.132144874501975,3.27091474900395
"260","2023-08-21_Howard_plate_2","Mon Aug 21 2023 (P2)",2023-08-21,"Howard","plate_2",3.262875,0.157473297056086,3.57782159411217
"261","2023-08-21_Howard_plate_3","Mon Aug 21 2023 (P3)",2023-08-21,"Howard","plate_3",2.537,0.13874539889411,2.81449079778822
"262","2023-08-21_Howard_plate_4","Mon Aug 21 2023 (P4)",2023-08-21,"Howard","plate_4",2.200625,0.124747673897581,2.45012034779516
"263","2023-12-25_Howard_plate_1","Mon Dec 25 2023 (P1)",2023-12-25,"Howard","plate_1",1.881125,0.092401975087116,2.06592895017423
"264","2023-12-25_Howard_plate_2","Mon Dec 25 2023 (P2)",2023-12-25,"Howard","plate_2",2.00625,0.0721699383400041,2.15058987668001
"265","2023-12-25_Howard_plate_3","Mon Dec 25 2023 (P3)",2023-12-25,"Howard","plate_3",1.97225,0.0795195393777978,2.1312890787556
"266","2023-12-25_Howard_plate_4","Mon Dec 25 2023 (P4)",2023-12-25,"Howard","plate_4",2.09675,0.105537738680125,2.30782547736025
"267","2023-12-25_Howard_plate_5","Mon Dec 25 2023 (P5)",2023-12-25,"Howard","plate_5",1.55975,0.0900884486015193,1.73992689720304
"268","2023-12-25_Howard_plate_6","Mon Dec 25 2023 (P6)",2023-12-25,"Howard","plate_6",2.76625,0.136628537073545,3.03950707414709
"269","2023-12-25_Howard_plate_7","Mon Dec 25 2023 (P7)",2023-12-25,"Howard","plate_7",2.582625,0.0841358382956649,2.75089667659133
"270","2023-12-25_Howard_plate_8","Mon Dec 25 2023 (P8)",2023-12-25,"Howard","plate_8",2.287125,0.0691281160496322,2.42538123209926
"271","2023-11-13_Howard_plate_1","Mon Nov 13 2023 (P1)",2023-11-13,"Howard","plate_1",2.848875,0.0754556397589243,2.99978627951785
"272","2023-11-13_Howard_plate_2","Mon Nov 13 2023 (P2)",2023-11-13,"Howard","plate_2",2.45475,0.16975339256025,2.7942567851205
"273","2023-11-13_Howard_plate_3","Mon Nov 13 2023 (P3)",2023-11-13,"Howard","plate_3",2.418125,0.116773819839894,2.65167263967979
"274","2023-11-13_Howard_plate_4","Mon Nov 13 2023 (P4)",2023-11-13,"Howard","plate_4",2.454875,0.0749007676863195,2.60467653537264
"275","2023-11-13_Howard_plate_5","Mon Nov 13 2023 (P5)",2023-11-13,"Howard","plate_5",1.738625,0.132702607897724,2.00403021579545
"276","2023-11-13_Howard_plate_6","Mon Nov 13 2023 (P6)",2023-11-13,"Howard","plate_6",2.1145,0.0930836797111686,2.30066735942234
"277","2023-11-27_Howard_plate_1","Mon Nov 27 2023 (P1)",2023-11-27,"Howard","plate_1",2.355,0.0509481529175915,2.45689630583518
"278","2023-11-27_Howard_plate_2","Mon Nov 27 2023 (P2)",2023-11-27,"Howard","plate_2",2.153625,0.0972124881748371,2.34804997634967
"279","2023-11-27_Howard_plate_3","Mon Nov 27 2023 (P3)",2023-11-27,"Howard","plate_3",2.6905,0.084307261168385,2.85911452233677
"280","2023-11-27_Howard_plate_4","Mon Nov 27 2023 (P4)",2023-11-27,"Howard","plate_4",2.35175,0.118603481037808,2.58895696207562
"281","2023-11-27_Howard_plate_5","Mon Nov 27 2023 (P5)",2023-11-27,"Howard","plate_5",1.7765,0.113603319871007,2.00370663974201
"282","2023-11-27_Howard_plate_6","Mon Nov 27 2023 (P6)",2023-11-27,"Howard","plate_6",2.763625,0.168312581229093,3.10025016245819
"283","2023-11-27_Howard_plate_7","Mon Nov 27 2023 (P7)",2023-11-27,"Howard","plate_7",3.268875,0.0990489597551202,3.46697291951024
"284","2023-11-27_Howard_plate_8","Mon Nov 27 2023 (P8)",2023-11-27,"Howard","plate_8",2.78675,0.144364370356994,3.07547874071399
"285","2023-08-12_Howard_plate_1","Sat Aug 12 2023 (P1)",2023-08-12,"Howard","plate_1",2.299875,0.0584402930959699,2.41675558619194
"286","2023-08-12_Howard_plate_2","Sat Aug 12 2023 (P2)",2023-08-12,"Howard","plate_2",2.09175,0.0850088230714905,2.26176764614298
"287","2023-08-12_Howard_plate_3","Sat Aug 12 2023 (P3)",2023-08-12,"Howard","plate_3",2.883375,0.222637397384819,3.32864979476964
"288","2023-08-12_Howard_plate_4","Sat Aug 12 2023 (P4)",2023-08-12,"Howard","plate_4",2.05,0.0672776761956425,2.18455535239129
"289","2023-08-12_Howard_plate_5","Sat Aug 12 2023 (P5)",2023-08-12,"Howard","plate_5",1.740125,0.0879812277055249,1.91608745541105
"290","2023-08-12_Howard_plate_6","Sat Aug 12 2023 (P6)",2023-08-12,"Howard","plate_6",2.308125,0.107390392626954,2.52290578525391
"291","2023-08-12_Howard_plate_7","Sat Aug 12 2023 (P7)",2023-08-12,"Howard","plate_7",3.098,0.0938402898546248,3.28568057970925
"292","2023-08-12_Howard_plate_8","Sat Aug 12 2023 (P8)",2023-08-12,"Howard","plate_8",2.3555,0.14398809474596,2.64347618949192
"293","2023-12-02_Howard_plate_1","Sat Dec 02 2023 (P1)",2023-12-02,"Howard","plate_1",2.84925,0.147208064608276,3.14366612921655
"294","2023-12-02_Howard_plate_2","Sat Dec 02 2023 (P2)",2023-12-02,"Howard","plate_2",2.318125,0.0910595370387654,2.50024407407753
"295","2023-12-02_Howard_plate_3","Sat Dec 02 2023 (P3)",2023-12-02,"Howard","plate_3",2.33525,0.129468970358593,2.59418794071719
"296","2023-12-02_Howard_plate_4","Sat Dec 02 2023 (P4)",2023-12-02,"Howard","plate_4",1.815125,0.0709052436102477,1.9569354872205
"297","2023-12-09_Howard_plate_1","Sat Dec 09 2023 (P1)",2023-12-09,"Howard","plate_1",2.507875,0.101357130272827,2.71058926054565
"298","2023-12-09_Howard_plate_2","Sat Dec 09 2023 (P2)",2023-12-09,"Howard","plate_2",2.3805,0.106157564833735,2.59281512966747
"299","2023-12-09_Howard_plate_3","Sat Dec 09 2023 (P3)",2023-12-09,"Howard","plate_3",2.87575,0.154932934799914,3.18561586959983
"300","2023-12-09_Howard_plate_4","Sat Dec 09 2023 (P4)",2023-12-09,"Howard","plate_4",2.522375,0.106087480747865,2.73454996149573
"301","2023-10-14_Howard_plate_1","Sat Oct 14 2023 (P1)",2023-10-14,"Howard","plate_1",1.811875,0.0894817419525187,1.99083848390504
"302","2023-10-14_Howard_plate_2","Sat Oct 14 2023 (P2)",2023-10-14,"Howard","plate_2",2.317,0.117946719205871,2.55289343841174
"303","2023-10-14_Howard_plate_3","Sat Oct 14 2023 (P3)",2023-10-14,"Howard","plate_3",2.59,0.146056740442102,2.8821134808842
"304","2023-10-14_Howard_plate_4","Sat Oct 14 2023 (P4)",2023-10-14,"Howard","plate_4",2.112375,0.0808630897611159,2.27410117952223
"305","2023-10-14_Howard_plate_5","Sat Oct 14 2023 (P5)",2023-10-14,"Howard","plate_5",2.48975,0.12290734024343,2.73556468048686
"306","2023-10-14_Howard_plate_6","Sat Oct 14 2023 (P6)",2023-10-14,"Howard","plate_6",2.258125,0.141817223918676,2.54175944783735
"307","2023-10-14_Howard_plate_7","Sat Oct 14 2023 (P7)",2023-10-14,"Howard","plate_7",2.916375,0.193565003846991,3.30350500769398
"308","2023-10-14_Howard_plate_8","Sat Oct 14 2023 (P8)",2023-10-14,"Howard","plate_8",1.850125,0.101576765481651,2.0532785309633
"309","2023-09-09_Howard_plate_1","Sat Sep 09 2023 (P1)",2023-09-09,"Howard","plate_1",2.5035,0.0737544187538232,2.65100883750765
"310","2023-09-09_Howard_plate_2","Sat Sep 09 2023 (P2)",2023-09-09,"Howard","plate_2",2.358625,0.100514302464873,2.55965360492975
"311","2023-09-09_Howard_plate_3","Sat Sep 09 2023 (P3)",2023-09-09,"Howard","plate_3",2.083,0.0702566722810012,2.223513344562
"312","2023-09-09_Howard_plate_4","Sat Sep 09 2023 (P4)",2023-09-09,"Howard","plate_4",2.368625,0.166891699271457,2.70240839854291
"313","2023-09-09_Howard_plate_5","Sat Sep 09 2023 (P5)",2023-09-09,"Howard","plate_5",2.386875,0.175901301465176,2.73867760293035
"314","2023-09-09_Howard_plate_6","Sat Sep 09 2023 (P6)",2023-09-09,"Howard","plate_6",2.938875,0.117318172383602,3.1735113447672
"315","2023-09-09_Howard_plate_7","Sat Sep 09 2023 (P7)",2023-09-09,"Howard","plate_7",2.5905,0.134902080890442,2.86030416178088
"316","2023-09-16_Howard_plate_1","Sat Sep 16 2023 (P1)",2023-09-16,"Howard","plate_1",2.936,0.158959114240109,3.25391822848022
"317","2023-09-16_Howard_plate_2","Sat Sep 16 2023 (P2)",2023-09-16,"Howard","plate_2",2.278875,0.10817636063392,2.49522772126784
"318","2023-09-16_Howard_plate_3","Sat Sep 16 2023 (P3)",2023-09-16,"Howard","plate_3",2.547,0.186879640410613,2.92075928082123
"319","2023-09-16_Howard_plate_4","Sat Sep 16 2023 (P4)",2023-09-16,"Howard","plate_4",2.21975,0.145475329278099,2.5107006585562
"320","2023-09-16_Howard_plate_5","Sat Sep 16 2023 (P5)",2023-09-16,"Howard","plate_5",1.828375,0.092390379060036,2.01315575812007
"321","2023-09-16_Howard_plate_6","Sat Sep 16 2023 (P6)",2023-09-16,"Howard","plate_6",3.089125,0.129060824530806,3.34724664906161
"322","2023-12-24_Howard_plate_1","Sun Dec 24 2023 (P1)",2023-12-24,"Howard","plate_1",2.458375,0.115692866183332,2.68976073236666
"323","2023-12-24_Howard_plate_2","Sun Dec 24 2023 (P2)",2023-12-24,"Howard","plate_2",2.9015,0.200568477796772,3.30263695559354
"324","2023-12-24_Howard_plate_3","Sun Dec 24 2023 (P3)",2023-12-24,"Howard","plate_3",2.873125,0.161711769604353,3.19654853920871
"325","2023-12-24_Howard_plate_4","Sun Dec 24 2023 (P4)",2023-12-24,"Howard","plate_4",2.76675,0.13149443225584,3.02973886451168
"326","2023-12-24_Howard_plate_5","Sun Dec 24 2023 (P5)",2023-12-24,"Howard","plate_5",2.78875,0.122148329033656,3.03304665806731
"327","2023-12-24_Howard_plate_6","Sun Dec 24 2023 (P6)",2023-12-24,"Howard","plate_6",2.648625,0.163338332042071,2.97530166408414
"328","2023-12-24_Howard_plate_7","Sun Dec 24 2023 (P7)",2023-12-24,"Howard","plate_7",2.343375,0.114376492964495,2.57212798592899
"329","2023-10-29_Howard_plate_1","Sun Oct 29 2023 (P1)",2023-10-29,"Howard","plate_1",2.606125,0.115239424677495,2.83660384935499
"330","2023-10-29_Howard_plate_2","Sun Oct 29 2023 (P2)",2023-10-29,"Howard","plate_2",1.92825,0.0676287132595532,2.06350742651911
"331","2023-10-29_Howard_plate_3","Sun Oct 29 2023 (P3)",2023-10-29,"Howard","plate_3",2.433875,0.112117842979098,2.6581106859582
"332","2023-10-29_Howard_plate_4","Sun Oct 29 2023 (P4)",2023-10-29,"Howard","plate_4",3.56075,0.220167306512895,4.00108461302579
"333","2023-10-29_Howard_plate_5","Sun Oct 29 2023 (P5)",2023-10-29,"Howard","plate_5",3.16325,0.173626652002837,3.51050330400567
"334","2023-10-29_Howard_plate_6","Sun Oct 29 2023 (P6)",2023-10-29,"Howard","plate_6",1.82075,0.0672112873173631,1.95517257463473
"335","2023-10-29_Howard_plate_7","Sun Oct 29 2023 (P7)",2023-10-29,"Howard","plate_7",2.156,0.112450624085164,2.38090124817033
"336","2023-10-29_Howard_plate_8","Sun Oct 29 2023 (P8)",2023-10-29,"Howard","plate_8",1.554125,0.0497807693793497,1.6536865387587
"337","2023-12-21_Howard_plate_1","Thu Dec 21 2023 (P1)",2023-12-21,"Howard","plate_1",2.7265,0.0914861425884505,2.9094722851769
"338","2023-12-21_Howard_plate_2","Thu Dec 21 2023 (P2)",2023-12-21,"Howard","plate_2",1.84675,0.07130567999816,1.98936135999632
"339","2023-12-21_Howard_plate_3","Thu Dec 21 2023 (P3)",2023-12-21,"Howard","plate_3",1.941625,0.0598114597237496,2.0612479194475
"340","2023-12-21_Howard_plate_4","Thu Dec 21 2023 (P4)",2023-12-21,"Howard","plate_4",2.02725,0.042724198563076,2.11269839712615
"341","2023-09-07_Howard_plate_1","Thu Sep 07 2023 (P1)",2023-09-07,"Howard","plate_1",2.626625,0.225736849007866,3.07809869801573
"342","2023-09-07_Howard_plate_2","Thu Sep 07 2023 (P2)",2023-09-07,"Howard","plate_2",1.682625,0.0552162954725712,1.79305759094514
"343","2023-09-07_Howard_plate_3","Thu Sep 07 2023 (P3)",2023-09-07,"Howard","plate_3",2.129125,0.117449609255568,2.36402421851114
"344","2023-09-07_Howard_plate_4","Thu Sep 07 2023 (P4)",2023-09-07,"Howard","plate_4",3.18725,0.171894278139625,3.53103855627925
"345","2023-09-07_Howard_plate_5","Thu Sep 07 2023 (P5)",2023-09-07,"Howard","plate_5",2.241625,0.145721787271891,2.53306857454378
"346","2023-09-07_Howard_plate_6","Thu Sep 07 2023 (P6)",2023-09-07,"Howard","plate_6",2.342625,0.106026866541323,2.55467873308265
"347","2023-09-14_Howard_plate_1","Thu Sep 14 2023 (P1)",2023-09-14,"Howard","plate_1",2.341,0.10252804494381,2.54605608988762
"348","2023-09-14_Howard_plate_2","Thu Sep 14 2023 (P2)",2023-09-14,"Howard","plate_2",2.094125,0.10252168760107,2.29916837520214
"349","2023-09-14_Howard_plate_3","Thu Sep 14 2023 (P3)",2023-09-14,"Howard","plate_3",2.51525,0.126094918896158,2.76743983779232
"350","2023-09-14_Howard_plate_4","Thu Sep 14 2023 (P4)",2023-09-14,"Howard","plate_4",3.08,0.168125803237593,3.41625160647519
"351","2023-09-14_Howard_plate_5","Thu Sep 14 2023 (P5)",2023-09-14,"Howard","plate_5",3.3655,0.179092952720887,3.72368590544177
"352","2023-09-14_Howard_plate_6","Thu Sep 14 2023 (P6)",2023-09-14,"Howard","plate_6",2.5745,0.0864622130512185,2.74742442610244
"353","2023-09-14_Howard_plate_7","Thu Sep 14 2023 (P7)",2023-09-14,"Howard","plate_7",2.255125,0.0973497927211822,2.44982458544236
"354","2023-09-14_Howard_plate_8","Thu Sep 14 2023 (P8)",2023-09-14,"Howard","plate_8",1.6725,0.065430442892761,1.80336088578552
"355","2023-09-28_Howard_plate_1","Thu Sep 28 2023 (P1)",2023-09-28,"Howard","plate_1",2.506,0.114311604210346,2.73462320842069
"356","2023-09-28_Howard_plate_2","Thu Sep 28 2023 (P2)",2023-09-28,"Howard","plate_2",2.2115,0.158273723114645,2.52804744622929
"357","2023-09-28_Howard_plate_3","Thu Sep 28 2023 (P3)",2023-09-28,"Howard","plate_3",2.355125,0.127482701907805,2.61009040381561
"358","2023-09-28_Howard_plate_4","Thu Sep 28 2023 (P4)",2023-09-28,"Howard","plate_4",2.081125,0.0598723344172534,2.20086966883451
"359","2023-09-28_Howard_plate_5","Thu Sep 28 2023 (P5)",2023-09-28,"Howard","plate_5",2.16525,0.146071166608218,2.45739233321644
"360","2023-09-28_Howard_plate_6","Thu Sep 28 2023 (P6)",2023-09-28,"Howard","plate_6",2.936375,0.241381699803444,3.41913839960689
"361","2023-09-28_Howard_plate_7","Thu Sep 28 2023 (P7)",2023-09-28,"Howard","plate_7",2.4215,0.127698305168303,2.67689661033661
"362","2023-08-08_Howard_plate_1","Tue Aug 08 2023 (P1)",2023-08-08,"Howard","plate_1",2.402625,0.0996120151961025,2.6018490303922
"363","2023-08-08_Howard_plate_2","Tue Aug 08 2023 (P2)",2023-08-08,"Howard","plate_2",2.51375,0.106477026361827,2.72670405272365
"364","2023-08-08_Howard_plate_3","Tue Aug 08 2023 (P3)",2023-08-08,"Howard","plate_3",2.41375,0.138215928377097,2.69018185675419
"365","2023-08-08_Howard_plate_4","Tue Aug 08 2023 (P4)",2023-08-08,"Howard","plate_4",2.4875,0.144378470892107,2.77625694178421
"366","2023-08-08_Howard_plate_5","Tue Aug 08 2023 (P5)",2023-08-08,"Howard","plate_5",2.329375,0.15677731022058,2.64292962044116
"367","2023-08-15_Howard_plate_1","Tue Aug 15 2023 (P1)",2023-08-15,"Howard","plate_1",1.953875,0.101551447200773,2.15697789440155
"368","2023-08-15_Howard_plate_2","Tue Aug 15 2023 (P2)",2023-08-15,"Howard","plate_2",2.174375,0.122392737296202,2.4191604745924
"369","2023-08-15_Howard_plate_3","Tue Aug 15 2023 (P3)",2023-08-15,"Howard","plate_3",2.345875,0.168185643603388,2.68224628720678
"370","2023-08-15_Howard_plate_4","Tue Aug 15 2023 (P4)",2023-08-15,"Howard","plate_4",2.68275,0.153324818604165,2.98939963720833
"371","2023-11-07_Howard_plate_1","Tue Nov 07 2023 (P1)",2023-11-07,"Howard","plate_1",2.067625,0.0979036516172916,2.26343230323458
"372","2023-11-07_Howard_plate_2","Tue Nov 07 2023 (P2)",2023-11-07,"Howard","plate_2",2.806375,0.111519296856771,3.02941359371354
"373","2023-11-07_Howard_plate_3","Tue Nov 07 2023 (P3)",2023-11-07,"Howard","plate_3",2.140625,0.0916249147339303,2.32387482946786
"374","2023-11-07_Howard_plate_4","Tue Nov 07 2023 (P4)",2023-11-07,"Howard","plate_4",2.029,0.141852035586381,2.31270407117276
"375","2023-11-07_Howard_plate_5","Tue Nov 07 2023 (P5)",2023-11-07,"Howard","plate_5",2.78475,0.118236747973837,3.02122349594767
"376","2023-11-07_Howard_plate_6","Tue Nov 07 2023 (P6)",2023-11-07,"Howard","plate_6",2.584,0.123263944444432,2.83052788888886
"377","2023-11-07_Howard_plate_7","Tue Nov 07 2023 (P7)",2023-11-07,"Howard","plate_7",2.595375,0.156792800035133,2.90896060007027
"378","2023-09-26_Howard_plate_1","Tue Sep 26 2023 (P1)",2023-09-26,"Howard","plate_1",3.07925,0.169985503583604,3.41922100716721
"379","2023-09-26_Howard_plate_2","Tue Sep 26 2023 (P2)",2023-09-26,"Howard","plate_2",2.205875,0.0841672442224408,2.37420948844488
"380","2023-09-26_Howard_plate_3","Tue Sep 26 2023 (P3)",2023-09-26,"Howard","plate_3",3.064,0.151196182869429,3.36639236573886
"381","2023-09-26_Howard_plate_4","Tue Sep 26 2023 (P4)",2023-09-26,"Howard","plate_4",3.11925,0.130921732344176,3.38109346468835
"382","2023-09-26_Howard_plate_5","Tue Sep 26 2023 (P5)",2023-09-26,"Howard","plate_5",2.792625,0.147917870551774,3.08846074110355
"383","2023-09-26_Howard_plate_6","Tue Sep 26 2023 (P6)",2023-09-26,"Howard","plate_6",2.449125,0.157667314757553,2.76445962951511
"384","2023-09-26_Howard_plate_7","Tue Sep 26 2023 (P7)",2023-09-26,"Howard","plate_7",2.824,0.0724154679609267,2.96883093592185
"385","2023-08-23_Howard_plate_1","Wed Aug 23 2023 (P1)",2023-08-23,"Howard","plate_1",2.944875,0.149579828185488,3.24403465637098
"386","2023-08-23_Howard_plate_2","Wed Aug 23 2023 (P2)",2023-08-23,"Howard","plate_2",2.322625,0.120102262973803,2.56282952594761
"387","2023-08-23_Howard_plate_3","Wed Aug 23 2023 (P3)",2023-08-23,"Howard","plate_3",2.963125,0.123443957787677,3.21001291557535
"388","2023-08-23_Howard_plate_4","Wed Aug 23 2023 (P4)",2023-08-23,"Howard","plate_4",2.483625,0.0996693641138396,2.68296372822768
"389","2023-08-23_Howard_plate_5","Wed Aug 23 2023 (P5)",2023-08-23,"Howard","plate_5",0.951,0.0293062645667636,1.00961252913353
"390","2023-08-23_Howard_plate_6","Wed Aug 23 2023 (P6)",2023-08-23,"Howard","plate_6",2.019125,0.138200100785574,2.29552520157115
"391","2023-08-23_Howard_plate_7","Wed Aug 23 2023 (P7)",2023-08-23,"Howard","plate_7",2.498875,0.121455973798857,2.74178694759771
"392","2023-08-23_Howard_plate_8","Wed Aug 23 2023 (P8)",2023-08-23,"Howard","plate_8",2.42425,0.132596864862743,2.68944372972549
"393","2023-11-15_Howard_plate_1","Wed Nov 15 2023 (P1)",2023-11-15,"Howard","plate_1",2.24825,0.0640396082793408,2.37632921655868
"394","2023-11-15_Howard_plate_2","Wed Nov 15 2023 (P2)",2023-11-15,"Howard","plate_2",1.86725,0.105145817116721,2.07754163423344
"395","2023-11-15_Howard_plate_3","Wed Nov 15 2023 (P3)",2023-11-15,"Howard","plate_3",2.4155,0.179229302451198,2.77395860490239
"396","2023-11-15_Howard_plate_4","Wed Nov 15 2023 (P4)",2023-11-15,"Howard","plate_4",2.70575,0.194587292199964,3.09492458439993
"397","2023-11-15_Howard_plate_5","Wed Nov 15 2023 (P5)",2023-11-15,"Howard","plate_5",2.177,0.102699283625266,2.38239856725053
"398","2023-11-15_Howard_plate_6","Wed Nov 15 2023 (P6)",2023-11-15,"Howard","plate_6",2.1765,0.106340423707477,2.38918084741495
"399","2023-11-15_Howard_plate_7","Wed Nov 15 2023 (P7)",2023-11-15,"Howard","plate_7",2.390625,0.144044573954434,2.67871414790887
"400","2023-11-15_Howard_plate_8","Wed Nov 15 2023 (P8)",2023-11-15,"Howard","plate_8",2.962375,0.078507392736517,3.11938978547303
"401","2023-10-04_Howard_plate_1","Wed Oct 04 2023 (P1)",2023-10-04,"Howard","plate_1",2.819625,0.172019880495582,3.16366476099116
"402","2023-10-04_Howard_plate_2","Wed Oct 04 2023 (P2)",2023-10-04,"Howard","plate_2",2.026875,0.139056450510472,2.30498790102094
"403","2023-10-04_Howard_plate_3","Wed Oct 04 2023 (P3)",2023-10-04,"Howard","plate_3",2.375125,0.130243110593777,2.63561122118755
"404","2023-10-04_Howard_plate_4","Wed Oct 04 2023 (P4)",2023-10-04,"Howard","plate_4",2.72275,0.118382853488164,2.95951570697633
"405","2023-10-04_Howard_plate_5","Wed Oct 04 2023 (P5)",2023-10-04,"Howard","plate_5",2.875625,0.12802894483001,3.13168288966002
"406","2023-10-04_Howard_plate_6","Wed Oct 04 2023 (P6)",2023-10-04,"Howard","plate_6",1.906875,0.10778608113163,2.12244716226326
"407","2023-10-25_Howard_plate_1","Wed Oct 25 2023 (P1)",2023-10-25,"Howard","plate_1",3.058375,0.180089610630771,3.41855422126154
"408","2023-10-25_Howard_plate_2","Wed Oct 25 2023 (P2)",2023-10-25,"Howard","plate_2",1.853125,0.0790125442120246,2.01115008842405
"409","2023-10-25_Howard_plate_3","Wed Oct 25 2023 (P3)",2023-10-25,"Howard","plate_3",2.18375,0.0941150511721842,2.37198010234437
"410","2023-10-25_Howard_plate_4","Wed Oct 25 2023 (P4)",2023-10-25,"Howard","plate_4",2.611875,0.103706230009856,2.81928746001971
"411","2023-10-25_Howard_plate_5","Wed Oct 25 2023 (P5)",2023-10-25,"Howard","plate_5",2.464625,0.104446756771094,2.67351851354219
"412","2023-09-13_Howard_plate_1","Wed Sep 13 2023 (P1)",2023-09-13,"Howard","plate_1",2.14425,0.112382954986193,2.36901590997239
"413","2023-09-13_Howard_plate_2","Wed Sep 13 2023 (P2)",2023-09-13,"Howard","plate_2",2.582375,0.223872372761166,3.03011974552233
"414","2023-09-13_Howard_plate_3","Wed Sep 13 2023 (P3)",2023-09-13,"Howard","plate_3",2.52925,0.135592614632424,2.80043522926485
"415","2023-09-13_Howard_plate_4","Wed Sep 13 2023 (P4)",2023-09-13,"Howard","plate_4",2.179125,0.160197590047862,2.49952018009572
"416","2023-09-13_Howard_plate_5","Wed Sep 13 2023 (P5)",2023-09-13,"Howard","plate_5",2.236625,0.0992830549489691,2.43519110989794
"417","2023-09-13_Howard_plate_6","Wed Sep 13 2023 (P6)",2023-09-13,"Howard","plate_6",3.189375,0.214485389112772,3.61834577822554
"418","2023-09-13_Howard_plate_7","Wed Sep 13 2023 (P7)",2023-09-13,"Howard","plate_7",2.57725,0.155449348663801,2.8881486973276
"419","2024-04-19_HowardNew_plate_1","Fri Apr 19 2024 (P1)",2024-04-19,"HowardNew","plate_1",2.345375,0.130046076999105,2.60546715399821
"420","2024-04-19_HowardNew_plate_2","Fri Apr 19 2024 (P2)",2024-04-19,"HowardNew","plate_2",2.449875,0.106071993745488,2.66201898749098
"421","2024-04-19_HowardNew_plate_3","Fri Apr 19 2024 (P3)",2024-04-19,"HowardNew","plate_3",2.64675,0.156351938176118,2.95945387635224
"422","2024-04-19_HowardNew_plate_4","Fri Apr 19 2024 (P4)",2024-04-19,"HowardNew","plate_4",2.569875,0.127195504749859,2.82426600949972
"423","2024-04-19_HowardNew_plate_5","Fri Apr 19 2024 (P5)",2024-04-19,"HowardNew","plate_5",2.85875,0.084594410487421,3.02793882097484
"424","2024-04-26_HowardNew_plate_1","Fri Apr 26 2024 (P1)",2024-04-26,"HowardNew","plate_1",2.891375,0.113502595942623,3.11838019188525
"425","2024-04-26_HowardNew_plate_2","Fri Apr 26 2024 (P2)",2024-04-26,"HowardNew","plate_2",2.45525,0.135422882641218,2.72609576528244
"426","2024-04-26_HowardNew_plate_3","Fri Apr 26 2024 (P3)",2024-04-26,"HowardNew","plate_3",2.563875,0.153511691039198,2.8708983820784
"427","2024-04-26_HowardNew_plate_4","Fri Apr 26 2024 (P4)",2024-04-26,"HowardNew","plate_4",2.351625,0.0893339441166042,2.53029288823321
"428","2024-04-26_HowardNew_plate_5","Fri Apr 26 2024 (P5)",2024-04-26,"HowardNew","plate_5",2.417125,0.080075745391473,2.57727649078295
"429","2024-04-26_HowardNew_plate_6","Fri Apr 26 2024 (P6)",2024-04-26,"HowardNew","plate_6",2.300375,0.0999884814794755,2.50035196295895
"430","2024-04-26_HowardNew_plate_7","Fri Apr 26 2024 (P7)",2024-04-26,"HowardNew","plate_7",2.083,0.0961174876313953,2.27523497526279
"431","2024-07-12_HowardNew_plate_1","Fri Jul 12 2024 (P1)",2024-07-12,"HowardNew","plate_1",2.84375,0.198149114125124,3.24004822825025
"432","2024-07-12_HowardNew_plate_2","Fri Jul 12 2024 (P2)",2024-07-12,"HowardNew","plate_2",2.484875,0.0894002836364947,2.66367556727299
"433","2024-07-12_HowardNew_plate_3","Fri Jul 12 2024 (P3)",2024-07-12,"HowardNew","plate_3",2.081625,0.106091520463634,2.29380804092727
"434","2024-07-12_HowardNew_plate_4","Fri Jul 12 2024 (P4)",2024-07-12,"HowardNew","plate_4",2.889,0.122496647184438,3.13399329436887
"435","2024-07-12_HowardNew_plate_5","Fri Jul 12 2024 (P5)",2024-07-12,"HowardNew","plate_5",2.004,0.093206376238048,2.1904127524761
"436","2024-07-12_HowardNew_plate_6","Fri Jul 12 2024 (P6)",2024-07-12,"HowardNew","plate_6",2.941875,0.122619548080347,3.18711409616069
"437","2024-06-07_HowardNew_plate_1","Fri Jun 07 2024 (P1)",2024-06-07,"HowardNew","plate_1",1.4085,0.0582286134865964,1.52495722697319
"438","2024-06-07_HowardNew_plate_2","Fri Jun 07 2024 (P2)",2024-06-07,"HowardNew","plate_2",1.894875,0.0461285083837998,1.9871320167676
"439","2024-06-07_HowardNew_plate_3","Fri Jun 07 2024 (P3)",2024-06-07,"HowardNew","plate_3",3.9965,0.195494976186821,4.38748995237364
"440","2024-06-07_HowardNew_plate_4","Fri Jun 07 2024 (P4)",2024-06-07,"HowardNew","plate_4",3.173125,0.146711999217125,3.46654899843425
"441","2024-06-07_HowardNew_plate_5","Fri Jun 07 2024 (P5)",2024-06-07,"HowardNew","plate_5",1.01025,0.0353179436385691,1.08088588727714
"442","2024-06-07_HowardNew_plate_6","Fri Jun 07 2024 (P6)",2024-06-07,"HowardNew","plate_6",2.485125,0.0942283510566599,2.67358170211332
"443","2024-05-17_HowardNew_plate_1","Fri May 17 2024 (P1)",2024-05-17,"HowardNew","plate_1",2.099,0.144564370239894,2.38812874047979
"444","2024-05-17_HowardNew_plate_2","Fri May 17 2024 (P2)",2024-05-17,"HowardNew","plate_2",2.40125,0.133835453342635,2.66892090668527
"445","2024-05-17_HowardNew_plate_3","Fri May 17 2024 (P3)",2024-05-17,"HowardNew","plate_3",3.19525,0.153732374134867,3.50271474826973
"446","2024-05-17_HowardNew_plate_4","Fri May 17 2024 (P4)",2024-05-17,"HowardNew","plate_4",2.842875,0.0779146740259588,2.99870434805192
"447","2024-05-17_HowardNew_plate_5","Fri May 17 2024 (P5)",2024-05-17,"HowardNew","plate_5",1.787125,0.114508187480197,2.01614137496039
"448","2024-05-17_HowardNew_plate_6","Fri May 17 2024 (P6)",2024-05-17,"HowardNew","plate_6",2.568125,0.118896638784642,2.80591827756929
"449","2024-05-17_HowardNew_plate_7","Fri May 17 2024 (P7)",2024-05-17,"HowardNew","plate_7",3.40675,0.177337249330196,3.76142449866039
"450","2024-07-06_HowardNew_plate_1","Sat Jul 06 2024 (P1)",2024-07-06,"HowardNew","plate_1",2.108875,0.0839360938878076,2.27674718777561
"451","2024-07-06_HowardNew_plate_2","Sat Jul 06 2024 (P2)",2024-07-06,"HowardNew","plate_2",2.833125,0.1812617976456,3.1956485952912
"452","2024-07-06_HowardNew_plate_3","Sat Jul 06 2024 (P3)",2024-07-06,"HowardNew","plate_3",2.59275,0.141836676699445,2.87642335339889
"453","2024-07-06_HowardNew_plate_4","Sat Jul 06 2024 (P4)",2024-07-06,"HowardNew","plate_4",2.61525,0.127549150190371,2.87034830038074
"454","2024-07-06_HowardNew_plate_5","Sat Jul 06 2024 (P5)",2024-07-06,"HowardNew","plate_5",2.470625,0.110289149187812,2.69120329837562
"455","2024-07-06_HowardNew_plate_6","Sat Jul 06 2024 (P6)",2024-07-06,"HowardNew","plate_6",1.9085,0.0862438403597614,2.08098768071952
"456","2024-07-06_HowardNew_plate_7","Sat Jul 06 2024 (P7)",2024-07-06,"HowardNew","plate_7",2.237625,0.126480870942154,2.49058674188431
"457","2024-06-01_HowardNew_plate_1","Sat Jun 01 2024 (P1)",2024-06-01,"HowardNew","plate_1",2.18225,0.0849483036070426,2.35214660721409
"458","2024-06-01_HowardNew_plate_2","Sat Jun 01 2024 (P2)",2024-06-01,"HowardNew","plate_2",1.41425,0.0427676446460572,1.49978528929211
"459","2024-06-01_HowardNew_plate_3","Sat Jun 01 2024 (P3)",2024-06-01,"HowardNew","plate_3",2.89225,0.220388455751592,3.33302691150318
"460","2024-06-01_HowardNew_plate_4","Sat Jun 01 2024 (P4)",2024-06-01,"HowardNew","plate_4",1.34575,0.0265154941227092,1.39878098824542
"461","2024-06-01_HowardNew_plate_5","Sat Jun 01 2024 (P5)",2024-06-01,"HowardNew","plate_5",1.8755,0.068163668580012,2.01182733716002
"462","2024-06-01_HowardNew_plate_6","Sat Jun 01 2024 (P6)",2024-06-01,"HowardNew","plate_6",2.60225,0.11923655958999,2.84072311917998
"463","2024-06-01_HowardNew_plate_7","Sat Jun 01 2024 (P7)",2024-06-01,"HowardNew","plate_7",2.628625,0.137830058405269,2.90428511681054
"464","2024-06-01_HowardNew_plate_8","Sat Jun 01 2024 (P8)",2024-06-01,"HowardNew","plate_8",3.03675,0.171374068716861,3.37949813743372
"465","2024-06-29_HowardNew_plate_1","Sat Jun 29 2024 (P1)",2024-06-29,"HowardNew","plate_1",2.927,0.0780622462251394,3.08312449245028
"466","2024-06-29_HowardNew_plate_2","Sat Jun 29 2024 (P2)",2024-06-29,"HowardNew","plate_2",3.047625,0.197731374416331,3.44308774883266
"467","2024-06-29_HowardNew_plate_3","Sat Jun 29 2024 (P3)",2024-06-29,"HowardNew","plate_3",2.730625,0.220340604843631,3.17130620968726
"468","2024-06-29_HowardNew_plate_4","Sat Jun 29 2024 (P4)",2024-06-29,"HowardNew","plate_4",2.9485,0.139792703672259,3.22808540734452
"469","2024-06-29_HowardNew_plate_5","Sat Jun 29 2024 (P5)",2024-06-29,"HowardNew","plate_5",1.7845,0.146226829666398,2.0769536593328
"470","2024-06-29_HowardNew_plate_6","Sat Jun 29 2024 (P6)",2024-06-29,"HowardNew","plate_6",2.591125,0.13185320571432,2.85483141142864
"471","2024-07-04_HowardNew_plate_1","Thu Jul 04 2024 (P1)",2024-07-04,"HowardNew","plate_1",1.746375,0.0711997943415971,1.88877458868319
"472","2024-07-04_HowardNew_plate_2","Thu Jul 04 2024 (P2)",2024-07-04,"HowardNew","plate_2",2.869875,0.12652209010965,3.1229191802193
"473","2024-07-04_HowardNew_plate_3","Thu Jul 04 2024 (P3)",2024-07-04,"HowardNew","plate_3",2.075625,0.0878569250868381,2.25133885017368
"474","2024-07-04_HowardNew_plate_4","Thu Jul 04 2024 (P4)",2024-07-04,"HowardNew","plate_4",2.8105,0.102279728476091,3.01505945695218
"475","2024-07-04_HowardNew_plate_5","Thu Jul 04 2024 (P5)",2024-07-04,"HowardNew","plate_5",2.3325,0.0716997708703252,2.47589954174065
"476","2024-07-04_HowardNew_plate_6","Thu Jul 04 2024 (P6)",2024-07-04,"HowardNew","plate_6",2.319625,0.142670386856258,2.60496577371252
"477","2024-07-04_HowardNew_plate_7","Thu Jul 04 2024 (P7)",2024-07-04,"HowardNew","plate_7",1.23525,0.0870135457435056,1.40927709148701
"478","2024-07-04_HowardNew_plate_8","Thu Jul 04 2024 (P8)",2024-07-04,"HowardNew","plate_8",2.502375,0.163901483912048,2.8301779678241
"479","2024-06-13_HowardNew_plate_1","Thu Jun 13 2024 (P1)",2024-06-13,"HowardNew","plate_1",1.70275,0.0410983141816234,1.78494662836325
"480","2024-06-13_HowardNew_plate_2","Thu Jun 13 2024 (P2)",2024-06-13,"HowardNew","plate_2",2.209125,0.0308796627479733,2.27088432549595
"481","2024-06-13_HowardNew_plate_3","Thu Jun 13 2024 (P3)",2024-06-13,"HowardNew","plate_3",2.8875,0.237991596490296,3.36348319298059
"482","2024-06-13_HowardNew_plate_4","Thu Jun 13 2024 (P4)",2024-06-13,"HowardNew","plate_4",2.600375,0.0915375605967299,2.78345012119346
"483","2024-06-13_HowardNew_plate_5","Thu Jun 13 2024 (P5)",2024-06-13,"HowardNew","plate_5",2.30325,0.0908637127004742,2.48497742540095
"484","2024-06-27_HowardNew_plate_1","Thu Jun 27 2024 (P1)",2024-06-27,"HowardNew","plate_1",2.362,0.127631165025296,2.61726233005059
"485","2024-06-27_HowardNew_plate_2","Thu Jun 27 2024 (P2)",2024-06-27,"HowardNew","plate_2",2.25025,0.0658238992637606,2.38189779852752
"486","2024-06-27_HowardNew_plate_3","Thu Jun 27 2024 (P3)",2024-06-27,"HowardNew","plate_3",1.791625,0.111833980907926,2.01529296181585
"487","2024-06-27_HowardNew_plate_4","Thu Jun 27 2024 (P4)",2024-06-27,"HowardNew","plate_4",2.11125,0.0755829723832406,2.26241594476648
"488","2024-05-16_HowardNew_plate_1","Thu May 16 2024 (P1)",2024-05-16,"HowardNew","plate_1",2.241,0.133972278582442,2.50894455716488
"489","2024-05-16_HowardNew_plate_2","Thu May 16 2024 (P2)",2024-05-16,"HowardNew","plate_2",2.93075,0.185218596721357,3.30118719344271
"490","2024-05-16_HowardNew_plate_3","Thu May 16 2024 (P3)",2024-05-16,"HowardNew","plate_3",2.206375,0.0841901546670224,2.37475530933404
"491","2024-05-16_HowardNew_plate_4","Thu May 16 2024 (P4)",2024-05-16,"HowardNew","plate_4",2.537625,0.0597278052023152,2.65708061040463
"492","2024-05-23_HowardNew_plate_1","Thu May 23 2024 (P1)",2024-05-23,"HowardNew","plate_1",2.38575,0.142863321294966,2.67147664258993
"493","2024-05-23_HowardNew_plate_2","Thu May 23 2024 (P2)",2024-05-23,"HowardNew","plate_2",2.456375,0.117659238602718,2.69169347720544
"494","2024-05-23_HowardNew_plate_3","Thu May 23 2024 (P3)",2024-05-23,"HowardNew","plate_3",2.72825,0.127026150288603,2.98230230057721
"495","2024-05-23_HowardNew_plate_4","Thu May 23 2024 (P4)",2024-05-23,"HowardNew","plate_4",2.28225,0.116757073814456,2.51576414762891
"496","2024-04-16_HowardNew_plate_1","Tue Apr 16 2024 (P1)",2024-04-16,"HowardNew","plate_1",2.139375,0.153888584464772,2.44715216892955
"497","2024-04-16_HowardNew_plate_2","Tue Apr 16 2024 (P2)",2024-04-16,"HowardNew","plate_2",2.443875,0.0822199793237629,2.60831495864753
"498","2024-04-16_HowardNew_plate_3","Tue Apr 16 2024 (P3)",2024-04-16,"HowardNew","plate_3",3.228375,0.203199365508008,3.63477373101602
"499","2024-04-16_HowardNew_plate_4","Tue Apr 16 2024 (P4)",2024-04-16,"HowardNew","plate_4",2.73125,0.165797423726322,3.06284484745265
"500","2024-04-16_HowardNew_plate_5","Tue Apr 16 2024 (P5)",2024-04-16,"HowardNew","plate_5",2.056125,0.123056824852818,2.30223864970564
"501","2024-07-02_HowardNew_plate_1","Tue Jul 02 2024 (P1)",2024-07-02,"HowardNew","plate_1",2.22975,0.0777445450543913,2.38523909010878
"502","2024-07-02_HowardNew_plate_2","Tue Jul 02 2024 (P2)",2024-07-02,"HowardNew","plate_2",2.99,0.118774696680011,3.22754939336002
"503","2024-07-02_HowardNew_plate_3","Tue Jul 02 2024 (P3)",2024-07-02,"HowardNew","plate_3",2.537875,0.14485010725377,2.82757521450754
"504","2024-07-02_HowardNew_plate_4","Tue Jul 02 2024 (P4)",2024-07-02,"HowardNew","plate_4",2.06175,0.0745898307890751,2.21092966157815
"505","2024-07-02_HowardNew_plate_5","Tue Jul 02 2024 (P5)",2024-07-02,"HowardNew","plate_5",2.584875,0.113654158996241,2.81218331799248
"506","2024-07-02_HowardNew_plate_6","Tue Jul 02 2024 (P6)",2024-07-02,"HowardNew","plate_6",2.422625,0.149824599830221,2.72227419966044
"507","2024-07-30_HowardNew_plate_1","Tue Jul 30 2024 (P1)",2024-07-30,"HowardNew","plate_1",2.385625,0.0774466406169896,2.54051828123398
"508","2024-07-30_HowardNew_plate_2","Tue Jul 30 2024 (P2)",2024-07-30,"HowardNew","plate_2",2.037625,0.103918838523147,2.24546267704629
"509","2024-07-30_HowardNew_plate_3","Tue Jul 30 2024 (P3)",2024-07-30,"HowardNew","plate_3",2.60125,0.0952856607410431,2.79182132148209
"510","2024-07-30_HowardNew_plate_4","Tue Jul 30 2024 (P4)",2024-07-30,"HowardNew","plate_4",2.4875,0.0941988777609827,2.67589775552197
"511","2024-07-30_HowardNew_plate_5","Tue Jul 30 2024 (P5)",2024-07-30,"HowardNew","plate_5",2.6915,0.10361880689748,2.89873761379496
"512","2024-06-25_HowardNew_plate_1","Tue Jun 25 2024 (P1)",2024-06-25,"HowardNew","plate_1",2.738,0.0758249864584793,2.88964997291696
"513","2024-06-25_HowardNew_plate_2","Tue Jun 25 2024 (P2)",2024-06-25,"HowardNew","plate_2",3.02025,0.181383374572833,3.38301674914567
"514","2024-06-25_HowardNew_plate_3","Tue Jun 25 2024 (P3)",2024-06-25,"HowardNew","plate_3",3.2315,0.27047841213038,3.77245682426076
"515","2024-06-25_HowardNew_plate_4","Tue Jun 25 2024 (P4)",2024-06-25,"HowardNew","plate_4",1.99175,0.114766533200481,2.22128306640096
"516","2024-06-25_HowardNew_plate_5","Tue Jun 25 2024 (P5)",2024-06-25,"HowardNew","plate_5",2.75,0.130157047995324,3.01031409599065
"517","2024-06-25_HowardNew_plate_6","Tue Jun 25 2024 (P6)",2024-06-25,"HowardNew","plate_6",2.836,0.209627560892442,3.25525512178488
"518","2024-06-25_HowardNew_plate_7","Tue Jun 25 2024 (P7)",2024-06-25,"HowardNew","plate_7",1.868125,0.0481825027518141,1.96449000550363
"519","2024-07-03_HowardNew_plate_1","Wed Jul 03 2024 (P1)",2024-07-03,"HowardNew","plate_1",2.124125,0.0467682355572974,2.21766147111459
"520","2024-07-03_HowardNew_plate_2","Wed Jul 03 2024 (P2)",2024-07-03,"HowardNew","plate_2",1.961,0.114703344078789,2.19040668815758
"521","2024-07-03_HowardNew_plate_3","Wed Jul 03 2024 (P3)",2024-07-03,"HowardNew","plate_3",2.634875,0.0674143636665913,2.76970372733318
"522","2024-07-03_HowardNew_plate_4","Wed Jul 03 2024 (P4)",2024-07-03,"HowardNew","plate_4",2.8695,0.0907035989205657,3.05090719784113
"523","2024-07-03_HowardNew_plate_5","Wed Jul 03 2024 (P5)",2024-07-03,"HowardNew","plate_5",2.034875,0.105718544798374,2.24631208959675
"524","2024-07-03_HowardNew_plate_6","Wed Jul 03 2024 (P6)",2024-07-03,"HowardNew","plate_6",2.759,0.181496162887421,3.12199232577484
"525","2024-07-03_HowardNew_plate_7","Wed Jul 03 2024 (P7)",2024-07-03,"HowardNew","plate_7",3.345875,0.215465898859723,3.77680679771945
"526","2024-07-03_HowardNew_plate_8","Wed Jul 03 2024 (P8)",2024-07-03,"HowardNew","plate_8",2.517,0.105873239570454,2.72874647914091
"527","2024-05-29_HowardNew_plate_1","Wed May 29 2024 (P1)",2024-05-29,"HowardNew","plate_1",2.209625,0.0886919830488802,2.38700896609776
"528","2024-05-29_HowardNew_plate_2","Wed May 29 2024 (P2)",2024-05-29,"HowardNew","plate_2",1.84875,0.0996776948827713,2.04810538976554
"529","2024-05-29_HowardNew_plate_3","Wed May 29 2024 (P3)",2024-05-29,"HowardNew","plate_3",2.557625,0.115399848353453,2.78842469670691
"530","2024-05-29_HowardNew_plate_4","Wed May 29 2024 (P4)",2024-05-29,"HowardNew","plate_4",2.69075,0.132214922434216,2.95517984486843
"531","2023-03-14_Vilanova_plate_1","2023-03-14 plate_1",2023-03-14,"Vilanova","plate_1",1.6715,0.0885082724140195,1.84851654482804
"532","2023-03-14_Vilanova_plate_2","2023-03-14 plate_2",2023-03-14,"Vilanova","plate_2",2.51775,0.143446107351457,2.80464221470291
"533","2023-03-14_Vilanova_plate_3","2023-03-14 plate_3",2023-03-14,"Vilanova","plate_3",2.11725,0.118073524309462,2.35339704861892
"534","2023-03-14_Vilanova_plate_4","2023-03-14 plate_4",2023-03-14,"Vilanova","plate_4",1.69375,0.0614090500542992,1.8165681001086
"535","2023-03-17_Vilanova_plate_1","2023-03-17 plate_1",2023-03-17,"Vilanova","plate_1",1.951125,0.0983702009176124,2.14786540183522
"536","2023-03-17_Vilanova_plate_2","2023-03-17 plate_2",2023-03-17,"Vilanova","plate_2",2.126375,0.0935566100589065,2.31348822011781
"537","2023-03-17_Vilanova_plate_3","2023-03-17 plate_3",2023-03-17,"Vilanova","plate_3",2.952,0.119700817517199,3.1914016350344
"538","2023-03-17_Vilanova_plate_4","2023-03-17 plate_4",2023-03-17,"Vilanova","plate_4",2.131875,0.0749122105248155,2.28169942104963
"539","2023-03-17_Vilanova_plate_5","2023-03-17 plate_5",2023-03-17,"Vilanova","plate_5",1.610125,0.053884632052456,1.71789426410491
"540","2023-03-17_Vilanova_plate_6","2023-03-17 plate_6",2023-03-17,"Vilanova","plate_6",1.625125,0.10956594556965,1.8442568911393
"541","2023-03-17_Vilanova_plate_7","2023-03-17 plate_7",2023-03-17,"Vilanova","plate_7",1.91775,0.068129603383132,2.05400920676626
"542","2023-03-20_Vilanova_plate_1","2023-03-20 plate_1",2023-03-20,"Vilanova","plate_1",2.1075,0.061803837143937,2.23110767428787
"543","2023-03-20_Vilanova_plate_2","2023-03-20 plate_2",2023-03-20,"Vilanova","plate_2",2.263125,0.114635369136854,2.49239573827371
"544","2023-03-20_Vilanova_plate_3","2023-03-20 plate_3",2023-03-20,"Vilanova","plate_3",1.633875,0.0601556018054132,1.75418620361083
"545","2023-03-20_Vilanova_plate_4","2023-03-20 plate_4",2023-03-20,"Vilanova","plate_4",1.677625,0.0948712473377923,1.86736749467558
"546","2023-03-20_Vilanova_plate_5","2023-03-20 plate_5",2023-03-20,"Vilanova","plate_5",2.224375,0.145449979128811,2.51527495825762
"547","2023-03-21_Vilanova_plate_1","2023-03-21 plate_1",2023-03-21,"Vilanova","plate_1",1.81575,0.104605039485267,2.02496007897053
"548","2023-03-21_Vilanova_plate_2","2023-03-21 plate_2",2023-03-21,"Vilanova","plate_2",2.73125,0.144519647700334,3.02028929540067
"549","2023-03-21_Vilanova_plate_3","2023-03-21 plate_3",2023-03-21,"Vilanova","plate_3",0.588625,0.0187840167619784,0.626193033523957
"550","2023-03-21_Vilanova_plate_4","2023-03-21 plate_4",2023-03-21,"Vilanova","plate_4",1.975375,0.138798865269137,2.25297273053827
"551","2023-03-21_Vilanova_plate_5","2023-03-21 plate_5",2023-03-21,"Vilanova","plate_5",1.91575,0.0865559274193776,2.08886185483876
"552","2023-03-21_Vilanova_plate_6","2023-03-21 plate_6",2023-03-21,"Vilanova","plate_6",1.67625,0.0807637648595316,1.83777752971906
"553","2023-03-30_Vilanova_plate_1","2023-03-30 plate_1",2023-03-30,"Vilanova","plate_1",1.709,0.0930744709512611,1.89514894190252
"554","2023-03-30_Vilanova_plate_2","2023-03-30 plate_2",2023-03-30,"Vilanova","plate_2",1.625625,0.0551697057140187,1.73596441142804
"555","2023-03-30_Vilanova_plate_3","2023-03-30 plate_3",2023-03-30,"Vilanova","plate_3",1.56775,0.0457251103255718,1.65920022065114
"556","2023-03-30_Vilanova_plate_4","2023-03-30 plate_4",2023-03-30,"Vilanova","plate_4",1.92725,0.104179446835051,2.1356088936701
"557","2023-03-30_Vilanova_plate_5","2023-03-30 plate_5",2023-03-30,"Vilanova","plate_5",2.39625,0.109293510459548,2.6148370209191
"558","2023-03-30_Vilanova_plate_6","2023-03-30 plate_6",2023-03-30,"Vilanova","plate_6",1.572125,0.0492615106200716,1.67064802124014
"559","2023-03-30_Vilanova_plate_7","2023-03-30 plate_7",2023-03-30,"Vilanova","plate_7",1.735375,0.0323372297603154,1.80004945952063
"560","2023-04-01_Vilanova_plate_1","2023-04-01 plate_1",2023-04-01,"Vilanova","plate_1",2.205125,0.0645034605937652,2.33413192118753
"561","2023-04-01_Vilanova_plate_2","2023-04-01 plate_2",2023-04-01,"Vilanova","plate_2",2.0545,0.120842282098846,2.29618456419769
"562","2023-04-01_Vilanova_plate_3","2023-04-01 plate_3",2023-04-01,"Vilanova","plate_3",1.08275,0.0463888841364887,1.17552776827298
"563","2023-04-01_Vilanova_plate_4","2023-04-01 plate_4",2023-04-01,"Vilanova","plate_4",1.883375,0.0548554919766471,1.99308598395329
"564","2023-04-01_Vilanova_plate_5","2023-04-01 plate_5",2023-04-01,"Vilanova","plate_5",2.0405,0.0953265065820775,2.23115301316415
"565","2023-04-01_Vilanova_plate_6","2023-04-01 plate_6",2023-04-01,"Vilanova","plate_6",2.143875,0.130139965860937,2.40415493172187
"566","2023-04-01_Vilanova_plate_7","2023-04-01 plate_7",2023-04-01,"Vilanova","plate_7",3.131125,0.166200771443972,3.46352654288794
"567","2023-04-09_Vilanova_plate_1","2023-04-09 plate_1",2023-04-09,"Vilanova","plate_1",2.0035,0.0508808131112027,2.10526162622241
"568","2023-04-09_Vilanova_plate_2","2023-04-09 plate_2",2023-04-09,"Vilanova","plate_2",2.097375,0.0831675374513054,2.26371007490261
"569","2023-04-09_Vilanova_plate_3","2023-04-09 plate_3",2023-04-09,"Vilanova","plate_3",1.761125,0.0708689686272187,1.90286293725444
"570","2023-04-09_Vilanova_plate_4","2023-04-09 plate_4",2023-04-09,"Vilanova","plate_4",1.585125,0.0752869510605922,1.73569890212118
"571","2023-04-09_Vilanova_plate_5","2023-04-09 plate_5",2023-04-09,"Vilanova","plate_5",1.81775,0.0959713498915171,2.00969269978303
"572","2023-04-16_Vilanova_plate_1","2023-04-16 plate_1",2023-04-16,"Vilanova","plate_1",2.72425,0.142987262169947,3.01022452433989
"573","2023-04-16_Vilanova_plate_2","2023-04-16 plate_2",2023-04-16,"Vilanova","plate_2",1.797375,0.0852792681220271,1.96793353624405
"574","2023-04-16_Vilanova_plate_3","2023-04-16 plate_3",2023-04-16,"Vilanova","plate_3",2.296625,0.0880372283265925,2.47269945665319
"575","2023-04-16_Vilanova_plate_4","2023-04-16 plate_4",2023-04-16,"Vilanova","plate_4",2.187125,0.103713117368468,2.39455123473694
"576","2023-04-16_Vilanova_plate_5","2023-04-16 plate_5",2023-04-16,"Vilanova","plate_5",2.331,0.0792662781839973,2.48953255636799
"577","2023-04-16_Vilanova_plate_6","2023-04-16 plate_6",2023-04-16,"Vilanova","plate_6",1.78325,0.093235109879732,1.96972021975946
"578","2023-04-20_Vilanova_plate_1","2023-04-20 plate_1",2023-04-20,"Vilanova","plate_1",2.50875,0.09705484458358,2.70285968916716
"579","2023-04-20_Vilanova_plate_2","2023-04-20 plate_2",2023-04-20,"Vilanova","plate_2",1.5375,0.0810995860479131,1.69969917209583
"580","2023-04-20_Vilanova_plate_3","2023-04-20 plate_3",2023-04-20,"Vilanova","plate_3",2.22275,0.109932121914259,2.44261424382852
"581","2023-04-20_Vilanova_plate_4","2023-04-20 plate_4",2023-04-20,"Vilanova","plate_4",1.294625,0.0341715733991198,1.36296814679824
"582","2023-04-20_Vilanova_plate_5","2023-04-20 plate_5",2023-04-20,"Vilanova","plate_5",2.1775,0.145080273346467,2.46766054669293
"583","2023-04-27_Vilanova_plate_1","2023-04-27 plate_1",2023-04-27,"Vilanova","plate_1",2.049625,0.118082220144634,2.28578944028927
"584","2023-04-27_Vilanova_plate_2","2023-04-27 plate_2",2023-04-27,"Vilanova","plate_2",2.1395,0.103719401684132,2.34693880336826
"585","2023-04-27_Vilanova_plate_3","2023-04-27 plate_3",2023-04-27,"Vilanova","plate_3",1.847875,0.0780081268660058,2.00389125373201
"586","2023-04-27_Vilanova_plate_4","2023-04-27 plate_4",2023-04-27,"Vilanova","plate_4",1.4675,0.0989271015878431,1.66535420317569
"587","2023-04-27_Vilanova_plate_5","2023-04-27 plate_5",2023-04-27,"Vilanova","plate_5",2.165,0.115810189534427,2.39662037906885
"588","2023-04-27_Vilanova_plate_6","2023-04-27 plate_6",2023-04-27,"Vilanova","plate_6",2.075375,0.108498765628265,2.29237253125653
"589","2023-04-27_Vilanova_plate_7","2023-04-27 plate_7",2023-04-27,"Vilanova","plate_7",2.37575,0.125279972176607,2.62630994435321
"590","2023-08-09_Vilanova_plate_1","2023-08-09 plate_1",2023-08-09,"Vilanova","plate_1",1.72975,0.081608385423488,1.89296677084698
"591","2023-08-09_Vilanova_plate_2","2023-08-09 plate_2",2023-08-09,"Vilanova","plate_2",1.5605,0.0653058737240162,1.69111174744803
"592","2023-08-09_Vilanova_plate_3","2023-08-09 plate_3",2023-08-09,"Vilanova","plate_3",2.158375,0.117940587343192,2.39425617468638
"593","2023-08-09_Vilanova_plate_4","2023-08-09 plate_4",2023-08-09,"Vilanova","plate_4",1.65225,0.0702805602059143,1.79281112041183
"594","2023-08-09_Vilanova_plate_5","2023-08-09 plate_5",2023-08-09,"Vilanova","plate_5",1.113125,0.0573596112260186,1.22784422245204
"595","2023-08-09_Vilanova_plate_6","2023-08-09 plate_6",2023-08-09,"Vilanova","plate_6",2.989,0.122378803019851,3.2337576060397
"596","2023-08-10_Vilanova_plate_1","2023-08-10 plate_1",2023-08-10,"Vilanova","plate_1",2.458625,0.0969549785062266,2.65253495701245
"597","2023-08-10_Vilanova_plate_2","2023-08-10 plate_2",2023-08-10,"Vilanova","plate_2",2.03325,0.128064436905801,2.2893788738116
"598","2023-08-10_Vilanova_plate_3","2023-08-10 plate_3",2023-08-10,"Vilanova","plate_3",1.647625,0.0534574263182528,1.75453985263651
"599","2023-08-10_Vilanova_plate_4","2023-08-10 plate_4",2023-08-10,"Vilanova","plate_4",2.077375,0.123008637908075,2.32339227581615
"600","2023-08-10_Vilanova_plate_5","2023-08-10 plate_5",2023-08-10,"Vilanova","plate_5",1.67275,0.051996565820666,1.77674313164133
"601","2023-08-10_Vilanova_plate_6","2023-08-10 plate_6",2023-08-10,"Vilanova","plate_6",1.741375,0.0931909521972416,1.92775690439448
"602","2023-08-10_Vilanova_plate_7","2023-08-10 plate_7",2023-08-10,"Vilanova","plate_7",1.350625,0.0301469614673566,1.41091892293471
"603","2023-08-13_Vilanova_plate_1","2023-08-13 plate_1",2023-08-13,"Vilanova","plate_1",1.943625,0.0819109926339909,2.10744698526798
"604","2023-08-13_Vilanova_plate_2","2023-08-13 plate_2",2023-08-13,"Vilanova","plate_2",1.659,0.066209623814928,1.79141924762986
"605","2023-08-13_Vilanova_plate_3","2023-08-13 plate_3",2023-08-13,"Vilanova","plate_3",2.016625,0.113192550865455,2.24301010173091
"606","2023-08-13_Vilanova_plate_4","2023-08-13 plate_4",2023-08-13,"Vilanova","plate_4",2.539875,0.0644059391671295,2.66868687833426
"607","2023-08-13_Vilanova_plate_5","2023-08-13 plate_5",2023-08-13,"Vilanova","plate_5",1.008125,0.0526808110904042,1.11348662218081
"608","2023-08-13_Vilanova_plate_6","2023-08-13 plate_6",2023-08-13,"Vilanova","plate_6",2.201375,0.124743093138315,2.45086118627663
"609","2023-08-17_Vilanova_plate_1","2023-08-17 plate_1",2023-08-17,"Vilanova","plate_1",1.468,0.0748675020095025,1.61773500401901
"610","2023-08-17_Vilanova_plate_2","2023-08-17 plate_2",2023-08-17,"Vilanova","plate_2",1.669,0.0854684570052435,1.83993691401049
"611","2023-08-17_Vilanova_plate_3","2023-08-17 plate_3",2023-08-17,"Vilanova","plate_3",2.592875,0.141201413894176,2.87527782778835
"612","2023-08-17_Vilanova_plate_4","2023-08-17 plate_4",2023-08-17,"Vilanova","plate_4",1.674875,0.124327261118159,1.92352952223632
"613","2023-08-17_Vilanova_plate_5","2023-08-17 plate_5",2023-08-17,"Vilanova","plate_5",2.185875,0.115905672855128,2.41768634571026
"614","2023-08-23_Vilanova_plate_1","2023-08-23 plate_1",2023-08-23,"Vilanova","plate_1",2.162625,0.115642228446187,2.39390945689237
"615","2023-08-23_Vilanova_plate_2","2023-08-23 plate_2",2023-08-23,"Vilanova","plate_2",1.685625,0.111933574051756,1.90949214810351
"616","2023-08-23_Vilanova_plate_3","2023-08-23 plate_3",2023-08-23,"Vilanova","plate_3",1.862875,0.0752698716049693,2.01341474320994
"617","2023-08-23_Vilanova_plate_4","2023-08-23 plate_4",2023-08-23,"Vilanova","plate_4",1.51475,0.0641733144360979,1.6430966288722
"618","2023-08-23_Vilanova_plate_5","2023-08-23 plate_5",2023-08-23,"Vilanova","plate_5",1.916875,0.0610115621360878,2.03889812427218
"619","2023-09-29_Vilanova_plate_1","2023-09-29 plate_1",2023-09-29,"Vilanova","plate_1",2.327625,0.113260682246122,2.55414636449224
"620","2023-09-29_Vilanova_plate_2","2023-09-29 plate_2",2023-09-29,"Vilanova","plate_2",1.695875,0.058754787039015,1.81338457407803
"621","2023-09-29_Vilanova_plate_3","2023-09-29 plate_3",2023-09-29,"Vilanova","plate_3",1.43575,0.0708272546411337,1.57740450928227
"622","2023-09-29_Vilanova_plate_4","2023-09-29 plate_4",2023-09-29,"Vilanova","plate_4",2.14625,0.0929604370533124,2.33217087410662
"623","2023-09-29_Vilanova_plate_5","2023-09-29 plate_5",2023-09-29,"Vilanova","plate_5",1.359375,0.0547303454610486,1.4688356909221
"624","2023-09-29_Vilanova_plate_6","2023-09-29 plate_6",2023-09-29,"Vilanova","plate_6",1.966125,0.0697862808867187,2.10569756177344
"625","2023-09-29_Vilanova_plate_7","2023-09-29 plate_7",2023-09-29,"Vilanova","plate_7",2.224625,0.114150198673252,2.4529253973465
"626","2023-10-05_Vilanova_plate_1","2023-10-05 plate_1",2023-10-05,"Vilanova","plate_1",2.402625,0.169915052305557,2.74245510461111
"627","2023-10-05_Vilanova_plate_2","2023-10-05 plate_2",2023-10-05,"Vilanova","plate_2",2.172375,0.0864455856924706,2.34526617138494
"628","2023-10-05_Vilanova_plate_3","2023-10-05 plate_3",2023-10-05,"Vilanova","plate_3",2.136875,0.0841791244905767,2.30523324898115
"629","2023-10-05_Vilanova_plate_4","2023-10-05 plate_4",2023-10-05,"Vilanova","plate_4",2.055125,0.123692519117828,2.30251003823566
"630","2023-10-10_Vilanova_plate_1","2023-10-10 plate_1",2023-10-10,"Vilanova","plate_1",1.908375,0.117485485425708,2.14334597085142
"631","2023-10-10_Vilanova_plate_2","2023-10-10 plate_2",2023-10-10,"Vilanova","plate_2",1.945625,0.089619732361637,2.12486446472327
"632","2023-10-10_Vilanova_plate_3","2023-10-10 plate_3",2023-10-10,"Vilanova","plate_3",1.85175,0.0895588393978266,2.03086767879565
"633","2023-10-10_Vilanova_plate_4","2023-10-10 plate_4",2023-10-10,"Vilanova","plate_4",1.6745,0.0629239904283618,1.80034798085672
"634","2023-10-17_Vilanova_plate_1","2023-10-17 plate_1",2023-10-17,"Vilanova","plate_1",2.0745,0.0342761891530716,2.14305237830614
"635","2023-10-17_Vilanova_plate_2","2023-10-17 plate_2",2023-10-17,"Vilanova","plate_2",1.49275,0.0516298640046907,1.59600972800938
"636","2023-10-17_Vilanova_plate_3","2023-10-17 plate_3",2023-10-17,"Vilanova","plate_3",1.886625,0.108326144450121,2.10327728890024
"637","2023-10-17_Vilanova_plate_4","2023-10-17 plate_4",2023-10-17,"Vilanova","plate_4",1.409,0.0518624554539629,1.51272491090793
"638","2023-10-17_Vilanova_plate_5","2023-10-17 plate_5",2023-10-17,"Vilanova","plate_5",1.734,0.112706952504525,1.95941390500905
"639","2023-10-17_Vilanova_plate_6","2023-10-17 plate_6",2023-10-17,"Vilanova","plate_6",2.094875,0.0959902338782441,2.28685546775649
"640","2023-10-17_Vilanova_plate_7","2023-10-17 plate_7",2023-10-17,"Vilanova","plate_7",2.08775,0.116149841645547,2.32004968329109
"641","2023-10-17_Vilanova_plate_8","2023-10-17 plate_8",2023-10-17,"Vilanova","plate_8",1.7615,0.106710556446599,1.9749211128932
"642","2023-10-23_Vilanova_plate_1","2023-10-23 plate_1",2023-10-23,"Vilanova","plate_1",1.262125,0.0704788468772217,1.40308269375444
"643","2023-10-23_Vilanova_plate_2","2023-10-23 plate_2",2023-10-23,"Vilanova","plate_2",2.82325,0.120780497479637,3.06481099495927
"644","2023-10-23_Vilanova_plate_3","2023-10-23 plate_3",2023-10-23,"Vilanova","plate_3",1.701,0.0512807399099729,1.80356147981995
"645","2023-10-23_Vilanova_plate_4","2023-10-23 plate_4",2023-10-23,"Vilanova","plate_4",1.308875,0.0464279395561398,1.40173087911228
"646","2023-10-23_Vilanova_plate_5","2023-10-23 plate_5",2023-10-23,"Vilanova","plate_5",1.915625,0.0600307956683187,2.03568659133664
"647","2023-10-23_Vilanova_plate_6","2023-10-23 plate_6",2023-10-23,"Vilanova","plate_6",1.82425,0.0909925428655714,2.00623508573114
"648","2023-11-04_Vilanova_plate_1","2023-11-04 plate_1",2023-11-04,"Vilanova","plate_1",1.7005,0.0730987590279655,1.84669751805593
"649","2023-11-04_Vilanova_plate_2","2023-11-04 plate_2",2023-11-04,"Vilanova","plate_2",1.74725,0.063177188469076,1.87360437693815
"650","2023-11-04_Vilanova_plate_3","2023-11-04 plate_3",2023-11-04,"Vilanova","plate_3",3.11525,0.114645727600914,3.34454145520183
"651","2023-11-04_Vilanova_plate_4","2023-11-04 plate_4",2023-11-04,"Vilanova","plate_4",1.77875,0.071185371691501,1.921120743383
"652","2023-11-04_Vilanova_plate_5","2023-11-04 plate_5",2023-11-04,"Vilanova","plate_5",1.97125,0.111813301023243,2.19487660204649
"653","2023-11-04_Vilanova_plate_6","2023-11-04 plate_6",2023-11-04,"Vilanova","plate_6",2.530375,0.120108210139262,2.77059142027852
"654","2023-11-04_Vilanova_plate_7","2023-11-04 plate_7",2023-11-04,"Vilanova","plate_7",1.50625,0.0597058264684923,1.62566165293698
"655","2023-11-10_Vilanova_plate_1","2023-11-10 plate_1",2023-11-10,"Vilanova","plate_1",2.307375,0.114659667214388,2.53669433442878
"656","2023-11-10_Vilanova_plate_2","2023-11-10 plate_2",2023-11-10,"Vilanova","plate_2",2.192,0.11446022390832,2.42092044781664
"657","2023-11-10_Vilanova_plate_3","2023-11-10 plate_3",2023-11-10,"Vilanova","plate_3",2.046,0.0539603028690007,2.153920605738
"658","2023-11-10_Vilanova_plate_4","2023-11-10 plate_4",2023-11-10,"Vilanova","plate_4",2.453375,0.146945993480598,2.7472669869612
"659","2023-11-10_Vilanova_plate_5","2023-11-10 plate_5",2023-11-10,"Vilanova","plate_5",2.155,0.129247271316872,2.41349454263374
"660","2023-11-10_Vilanova_plate_6","2023-11-10 plate_6",2023-11-10,"Vilanova","plate_6",1.52575,0.0743634895054594,1.67447697901092
"661","2023-11-10_Vilanova_plate_7","2023-11-10 plate_7",2023-11-10,"Vilanova","plate_7",2.44975,0.10466511221169,2.65908022442338
"662","2023-11-10_Vilanova_plate_8","2023-11-10 plate_8",2023-11-10,"Vilanova","plate_8",2.688875,0.21269927631014,3.11427355262028
"663","2023-11-20_Vilanova_plate_1","2023-11-20 plate_1",2023-11-20,"Vilanova","plate_1",1.825,0.0603039918129092,1.94560798362582
"664","2023-11-20_Vilanova_plate_2","2023-11-20 plate_2",2023-11-20,"Vilanova","plate_2",1.078,0.0357411327664439,1.14948226553289
"665","2023-11-20_Vilanova_plate_3","2023-11-20 plate_3",2023-11-20,"Vilanova","plate_3",1.792125,0.0949021112214355,1.98192922244287
"666","2023-11-20_Vilanova_plate_4","2023-11-20 plate_4",2023-11-20,"Vilanova","plate_4",1.577375,0.0691456795468813,1.71566635909376
"667","2023-11-20_Vilanova_plate_5","2023-11-20 plate_5",2023-11-20,"Vilanova","plate_5",2.581125,0.108525754020483,2.79817650804097
"668","2023-11-20_Vilanova_plate_6","2023-11-20 plate_6",2023-11-20,"Vilanova","plate_6",2.424125,0.161738269612182,2.74760153922436
"669","2023-11-20_Vilanova_plate_7","2023-11-20 plate_7",2023-11-20,"Vilanova","plate_7",2.139,0.152137156164148,2.4432743123283
"670","2023-11-28_Vilanova_plate_1","2023-11-28 plate_1",2023-11-28,"Vilanova","plate_1",2.169625,0.0406972708807711,2.25101954176154
"671","2023-11-28_Vilanova_plate_2","2023-11-28 plate_2",2023-11-28,"Vilanova","plate_2",2.676,0.084770277810091,2.84554055562018
"672","2023-11-28_Vilanova_plate_3","2023-11-28 plate_3",2023-11-28,"Vilanova","plate_3",2.251375,0.120427734703075,2.49223046940615
"673","2023-11-28_Vilanova_plate_4","2023-11-28 plate_4",2023-11-28,"Vilanova","plate_4",1.941375,0.144655193477455,2.23068538695491
"674","2023-11-28_Vilanova_plate_5","2023-11-28 plate_5",2023-11-28,"Vilanova","plate_5",2.01125,0.117261307709382,2.24577261541876
"675","2023-12-01_Vilanova_plate_1","2023-12-01 plate_1",2023-12-01,"Vilanova","plate_1",2.574125,0.105829293136231,2.78578358627246
"676","2023-12-01_Vilanova_plate_2","2023-12-01 plate_2",2023-12-01,"Vilanova","plate_2",1.662125,0.028572901747735,1.71927080349547
"677","2023-12-01_Vilanova_plate_3","2023-12-01 plate_3",2023-12-01,"Vilanova","plate_3",2.888,0.1360787587077,3.1601575174154
"678","2023-12-01_Vilanova_plate_4","2023-12-01 plate_4",2023-12-01,"Vilanova","plate_4",2.145375,0.0860480555105277,2.31747111102106
"679","2023-12-01_Vilanova_plate_5","2023-12-01 plate_5",2023-12-01,"Vilanova","plate_5",2.174125,0.104754730544394,2.38363446108879
"680","2023-12-05_Vilanova_plate_1","2023-12-05 plate_1",2023-12-05,"Vilanova","plate_1",1.51775,0.103114014566401,1.7239780291328
"681","2023-12-05_Vilanova_plate_2","2023-12-05 plate_2",2023-12-05,"Vilanova","plate_2",2.652125,0.141961199427369,2.93604739885474
"682","2023-12-05_Vilanova_plate_3","2023-12-05 plate_3",2023-12-05,"Vilanova","plate_3",2.497125,0.126797293233841,2.75071958646768
"683","2023-12-05_Vilanova_plate_4","2023-12-05 plate_4",2023-12-05,"Vilanova","plate_4",2.399625,0.132467718439518,2.66456043687904
"684","2023-12-10_Vilanova_plate_1","2023-12-10 plate_1",2023-12-10,"Vilanova","plate_1",1.71875,0.153186860682352,2.0251237213647
"685","2023-12-10_Vilanova_plate_2","2023-12-10 plate_2",2023-12-10,"Vilanova","plate_2",2.04225,0.119866294559516,2.28198258911903
"686","2023-12-10_Vilanova_plate_3","2023-12-10 plate_3",2023-12-10,"Vilanova","plate_3",2.62575,0.159534814830046,2.94481962966009
"687","2023-12-10_Vilanova_plate_4","2023-12-10 plate_4",2023-12-10,"Vilanova","plate_4",2.3,0.152663963378021,2.60532792675604
"688","2023-12-10_Vilanova_plate_5","2023-12-10 plate_5",2023-12-10,"Vilanova","plate_5",2.401875,0.125192922552127,2.65226084510425
"689","2023-12-10_Vilanova_plate_6","2023-12-10 plate_6",2023-12-10,"Vilanova","plate_6",2.4215,0.137953408283894,2.69740681656779
"690","2023-12-10_Vilanova_plate_7","2023-12-10 plate_7",2023-12-10,"Vilanova","plate_7",2.0655,0.115811423073399,2.2971228461468
"691","2023-12-16_Vilanova_plate_1","2023-12-16 plate_1",2023-12-16,"Vilanova","plate_1",1.99775,0.109332716316494,2.21641543263299
"692","2023-12-16_Vilanova_plate_2","2023-12-16 plate_2",2023-12-16,"Vilanova","plate_2",2.680125,0.145334527900289,2.97079405580058
"693","2023-12-16_Vilanova_plate_3","2023-12-16 plate_3",2023-12-16,"Vilanova","plate_3",1.883625,0.0692262078778178,2.02207741575564
"694","2023-12-16_Vilanova_plate_4","2023-12-16 plate_4",2023-12-16,"Vilanova","plate_4",2.395375,0.152843465676489,2.70106193135298
"695","2023-12-20_Vilanova_plate_1","2023-12-20 plate_1",2023-12-20,"Vilanova","plate_1",2.040875,0.102648411719673,2.24617182343935
"696","2023-12-20_Vilanova_plate_2","2023-12-20 plate_2",2023-12-20,"Vilanova","plate_2",2.073875,0.0812429117787251,2.23636082355745
"697","2023-12-20_Vilanova_plate_3","2023-12-20 plate_3",2023-12-20,"Vilanova","plate_3",1.193,0.0406201920231798,1.27424038404636
"698","2023-12-20_Vilanova_plate_4","2023-12-20 plate_4",2023-12-20,"Vilanova","plate_4",2.233125,0.0955875626996375,2.42430012539928
"699","2023-12-20_Vilanova_plate_5","2023-12-20 plate_5",2023-12-20,"Vilanova","plate_5",1.678,0.0799714234675648,1.83794284693513
"700","2023-12-22_Vilanova_plate_1","2023-12-22 plate_1",2023-12-22,"Vilanova","plate_1",2.836875,0.19188347468488,3.22064194936976
"701","2023-12-22_Vilanova_plate_2","2023-12-22 plate_2",2023-12-22,"Vilanova","plate_2",1.26775,0.0822952003460712,1.43234040069214
"702","2023-12-22_Vilanova_plate_3","2023-12-22 plate_3",2023-12-22,"Vilanova","plate_3",1.75325,0.0637489495711778,1.88074789914236
"703","2023-12-22_Vilanova_plate_4","2023-12-22 plate_4",2023-12-22,"Vilanova","plate_4",2.012875,0.119364313283805,2.25160362656761
"704","2023-12-22_Vilanova_plate_5","2023-12-22 plate_5",2023-12-22,"Vilanova","plate_5",2.253,0.0662527627456288,2.38550552549126
"705","2023-12-22_Vilanova_plate_6","2023-12-22 plate_6",2023-12-22,"Vilanova","plate_6",1.958625,0.0968208028119105,2.15226660562382
